match_id,player_id,player_name,position,shirt_number,substitute,captain,totalPass,accuratePass,totalLongBalls,accurateLongBalls,goalAssist,accurateOwnHalfPasses,totalOwnHalfPasses,accurateOppositionHalfPasses,totalOppositionHalfPasses,totalClearance,ballRecovery,goodHighClaim,savedShotsFromInsideTheBox,saves,totalKeeperSweeper,accurateKeeperSweeper,minutesPlayed,touches,rating,possessionLostCtrl,expectedAssists,totalBallCarriesDistance,ballCarriesCount,totalProgression,progressiveBallCarriesCount,keeperSaveValue,rating_original,rating_alternative,totalShots,goalsPrevented,passValueNormalized,dribbleValueNormalized,defensiveValueNormalized,goalkeeperValueNormalized,statisticsType,totalCross,accurateCross,duelLost,duelWon,challengeLost,totalContest,wonContest,interceptionWon,unsuccessfulTouch,fouls,keyPass,aerialLost,aerialWon,dispossessed,blockedScoringAttempt,outfielderBlock,errorLeadToAShot,totalOffside,expectedGoals,shotValueNormalized,shotOffTarget,bestBallCarryProgression,totalProgressiveBallCarriesDistance,onTargetScoringAttempt,expectedGoalsOnTarget,totalTackle,wonTackle,wasFouled,hitWoodwork,goals,bigChanceMissed,bigChanceCreated,lastManTackle,errorLeadToAGoal,topSpeed,kilometersCovered,numberOfSprints,metersCoveredWalkingKm,metersCoveredJoggingKm,metersCoveredRunningKm,metersCoveredHighSpeedRunningKm,metersCoveredSprintingKm,clearanceOffLine
14083422,857574,Andriy Lunin,G,13,False,False,40.0,36.0,12.0,8.0,0.0,35.0,37.0,1.0,3.0,1.0,9.0,2.0,2.0,3.0,1.0,1.0,90.0,52.0,7.4,4.0,0.00107703,39.867913487121,5.0,22.57221637596,0.0,0.0759,7.4,7.6,0,0.4819,0.11,0.02,0.24,0.09,"{'sportSlug': 'football', 'statisticsType': 'player'}",0.0,0.0,0.0,0.0,0.0,0.0,0.0,0.0,0.0,0.0,0.0,0.0,0.0,0.0,0.0,0.0,0.0,0.0,0.0,0.0,0.0,0.0,0.0,0.0,0.0,0.0,0.0,0.0,0.0,0.0,0.0,0.0,0.0,0.0,0.0,0.0,0.0,0.0,0.0,0.0,0.0,0.0,0.0
14083422,795064,Trent Alexander-Arnold,D,12,False,False,69.0,62.0,9.0,7.0,0.0,32.0,34.0,30.0,35.0,2.0,4.0,0.0,0.0,0.0,0.0,0.0,90.0,96.0,7.0,23.0,0.119619,161.01714735552,24.0,83.93652131366,0.0,0.0,7.0,7.3,0,0.0,0.29,0.16,-0.04,0.0,"{'sportSlug': 'football', 'statisticsType': 'player'}",14.0,2.0,6.0,1.0,2.0,2.0,1.0,1.0,2.0,3.0,2.0,0.0,0.0,0.0,0.0,0.0,0.0,0.0,0.0,0.0,0.0,0.0,0.0,0.0,0.0,0.0,0.0,0.0,0.0,0.0,0.0,0.0,0.0,0.0,0.0,0.0,0.0,0.0,0.0,0.0,0.0,0.0,0.0
14083422,142622,Antonio Rüdiger,D,22,False,False,65.0,62.0,5.0,5.0,0.0,51.0,53.0,11.0,12.0,4.0,1.0,0.0,0.0,0.0,0.0,0.0,90.0,76.0,7.1,4.0,0.00448366,134.70210678056,17.0,48.724910968129,0.0,0.0,7.1,7.1,1,0.0,0.1,0.0,0.25,0.0,"{'sportSlug': 'football', 'statisticsType': 'player'}",0.0,0.0,3.0,1.0,0.0,0.0,0.0,0.0,0.0,1.0,0.0,1.0,1.0,1.0,1.0,2.0,1.0,1.0,0.0352,-0.03,0.0,0.0,0.0,0.0,0.0,0.0,0.0,0.0,0.0,0.0,0.0,0.0,0.0,0.0,0.0,0.0,0.0,0.0,0.0,0.0,0.0,0.0,0.0
14083422,1176744,Dean Huijsen,D,24,False,False,97.0,89.0,14.0,9.0,0.0,57.0,58.0,32.0,39.0,7.0,4.0,0.0,0.0,0.0,0.0,0.0,90.0,107.0,7.8,8.0,0.0235007,192.84120753323,24.0,124.26671305445,2.0,0.0,7.8,7.4,1,0.0,0.5,0.12,0.23,0.0,"{'sportSlug': 'football', 'statisticsType': 'player'}",0.0,0.0,4.0,3.0,1.0,0.0,0.0,0.0,0.0,1.0,0.0,3.0,3.0,0.0,0.0,0.0,0.0,0.0,0.0244,-0.1,1.0,24.924154298324,48.301959241287,0.0,0.0,0.0,0.0,0.0,0.0,0.0,0.0,0.0,0.0,0.0,0.0,0.0,0.0,0.0,0.0,0.0,0.0,0.0,0.0
14083422,792073,Ferland Mendy,D,23,False,False,11.0,11.0,0.0,0.0,0.0,8.0,8.0,3.0,3.0,0.0,0.0,0.0,0.0,0.0,0.0,0.0,14.0,11.0,6.7,0.0,0.00090523,29.619922426914,3.0,-4.7003356023329,0.0,0.0,6.7,6.5,0,0.0,0.02,-0.02,0.0,0.0,"{'sportSlug': 'football', 'statisticsType': 'player'}",0.0,0.0,0.0,0.0,0.0,0.0,0.0,0.0,0.0,0.0,0.0,0.0,0.0,0.0,0.0,0.0,0.0,0.0,0.0,0.0,0.0,0.0,0.0,0.0,0.0,0.0,0.0,0.0,0.0,0.0,0.0,0.0,0.0,0.0,0.0,0.0,0.0,0.0,0.0,0.0,0.0,0.0,0.0
14083422,831808,Federico Valverde,M,8,False,True,55.0,52.0,4.0,4.0,0.0,22.0,23.0,30.0,32.0,2.0,2.0,0.0,0.0,0.0,0.0,0.0,90.0,62.0,7.0,4.0,0.0877402,177.17351315163,14.0,84.885242465484,4.0,0.0,7.0,7.2,2,0.0,0.09,0.15,0.23,0.0,"{'sportSlug': 'football', 'statisticsType': 'player'}",1.0,0.0,1.0,1.0,0.0,1.0,1.0,0.0,0.0,1.0,0.0,0.0,0.0,0.0,1.0,0.0,0.0,0.0,0.1144,-0.28,0.0,21.775256798466,87.698566900067,1.0,0.2002,0.0,0.0,0.0,0.0,0.0,0.0,0.0,0.0,0.0,0.0,0.0,0.0,0.0,0.0,0.0,0.0,0.0,0.0
14083422,2237795,Thiago Pitarch,M,45,False,False,36.0,33.0,0.0,0.0,0.0,17.0,17.0,16.0,19.0,2.0,1.0,0.0,0.0,0.0,0.0,0.0,53.0,46.0,6.7,7.0,0.0203812,100.87382957298,10.0,31.910142838242,0.0,0.0,6.7,6.9,0,0.0,-0.07,0.03,-0.05,0.0,"{'sportSlug': 'football', 'statisticsType': 'player'}",0.0,0.0,3.0,3.0,2.0,0.0,0.0,1.0,3.0,0.0,1.0,0.0,0.0,1.0,0.0,0.0,0.0,0.0,0.0,0.0,0.0,0.0,0.0,0.0,0.0,2.0,2.0,1.0,0.0,0.0,0.0,0.0,0.0,0.0,0.0,0.0,0.0,0.0,0.0,0.0,0.0,0.0,0.0
14083422,859025,Aurélien Tchouaméni,M,14,False,False,70.0,64.0,5.0,4.0,0.0,30.0,30.0,34.0,40.0,2.0,4.0,0.0,0.0,0.0,0.0,0.0,84.0,86.0,7.7,6.0,0.0375506,164.55783309886,21.0,94.715996139188,0.0,0.0,7.7,7.8,1,0.0,0.26,0.13,0.46,0.0,"{'sportSlug': 'football', 'statisticsType': 'player'}",0.0,0.0,2.0,5.0,1.0,0.0,0.0,5.0,0.0,1.0,1.0,0.0,1.0,0.0,0.0,1.0,0.0,0.0,0.0237,-0.04,1.0,0.0,0.0,0.0,0.0,3.0,3.0,1.0,0.0,0.0,0.0,0.0,0.0,0.0,0.0,0.0,0.0,0.0,0.0,0.0,0.0,0.0,0.0
14083422,868812,Vinicius Júnior,M,7,False,False,31.0,27.0,4.0,3.0,0.0,3.0,3.0,24.0,28.0,0.0,3.0,0.0,0.0,0.0,0.0,0.0,84.0,54.0,10.0,10.0,0.299973,337.8884215565,28.0,171.16843987702,8.0,0.0,10.0,9.6,4,0.0,0.09,0.88,-0.02,0.0,"{'sportSlug': 'football', 'statisticsType': 'player'}",1.0,0.0,4.0,10.0,0.0,2.0,2.0,0.0,3.0,3.0,3.0,0.0,0.0,1.0,2.0,0.0,0.0,1.0,0.8605,0.86,0.0,29.486589825304,159.61170133128,2.0,1.5469,0.0,0.0,8.0,1.0,2.0,0.0,0.0,0.0,0.0,0.0,0.0,0.0,0.0,0.0,0.0,0.0,0.0,0.0
14083422,991011,Jude Bellingham,F,5,False,False,62.0,58.0,8.0,8.0,1.0,30.0,30.0,28.0,32.0,0.0,7.0,0.0,0.0,0.0,0.0,0.0,90.0,82.0,7.7,11.0,0.109573,294.06013540399,31.0,100.3992445503,2.0,0.0,7.7,7.6,3,0.0,0.2,0.31,0.18,0.0,"{'sportSlug': 'football', 'statisticsType': 'player'}",1.0,0.0,4.0,9.0,0.0,6.0,3.0,1.0,2.0,1.0,1.0,0.0,2.0,1.0,2.0,0.0,0.0,0.0,0.4276,-0.51,0.0,34.039102497293,55.845087195411,1.0,0.4411,1.0,0.0,4.0,0.0,0.0,1.0,0.0,0.0,0.0,0.0,0.0,0.0,0.0,0.0,0.0,0.0,0.0,0.0
14083422,835485,Brahim Díaz,F,21,False,False,25.0,21.0,0.0,0.0,0.0,10.0,12.0,11.0,13.0,0.0,2.0,0.0,0.0,0.0,0.0,0.0,53.0,34.0,6.3,7.0,0.00594274,57.300082894746,9.0,32.687773097824,0.0,0.0,6.3,6.7,1,0.0,-0.08,0.04,-0.03,0.0,"{'sportSlug': 'football', 'statisticsType': 'player'}",0.0,0.0,2.0,1.0,1.0,0.0,0.0,1.0,3.0,1.0,0.0,0.0,0.0,0.0,0.0,0.0,0.0,0.0,0.0891,-0.05,1.0,0.0,0.0,0.0,0.0,1.0,1.0,0.0,0.0,0.0,0.0,0.0,0.0,0.0,0.0,0.0,0.0,0.0,0.0,0.0,0.0,0.0,0.0
14083422,851271,Fran García,D,20,True,False,24.0,20.0,1.0,1.0,0.0,14.0,15.0,6.0,9.0,4.0,2.0,0.0,0.0,0.0,0.0,0.0,76.0,51.0,6.8,9.0,0.127471,30.772114046651,5.0,21.786888548695,1.0,0.0,6.8,7.2,0,0.0,-0.17,0.13,0.25,0.0,"{'sportSlug': 'football', 'statisticsType': 'player'}",3.0,1.0,5.0,4.0,0.0,1.0,0.0,1.0,0.0,0.0,1.0,4.0,0.0,0.0,0.0,0.0,0.0,0.0,0.0,0.0,0.0,7.4820434476245,7.63585810502,0.0,0.0,3.0,3.0,1.0,0.0,0.0,0.0,0.0,0.0,0.0,0.0,0.0,0.0,0.0,0.0,0.0,0.0,0.0,0.0
14083422,1402716,Gonzalo García,F,16,True,False,8.0,5.0,1.0,1.0,1.0,1.0,2.0,4.0,6.0,1.0,0.0,0.0,0.0,0.0,0.0,0.0,37.0,13.0,6.1,4.0,0.0533498,5.8518346695716,1.0,5.8094920274943,0.0,0.0,6.1,7.1,2,0.0,0.06,-0.08,-0.04,0.0,"{'sportSlug': 'football', 'statisticsType': 'player'}",0.0,0.0,5.0,1.0,1.0,1.0,0.0,0.0,0.0,2.0,1.0,2.0,1.0,0.0,0.0,0.0,0.0,0.0,0.2189,-0.55,2.0,0.0,0.0,0.0,0.0,0.0,0.0,0.0,0.0,0.0,0.0,1.0,0.0,0.0,0.0,0.0,0.0,0.0,0.0,0.0,0.0,0.0,0.0
14083422,1403559,Franco Mastantuono,F,30,True,False,21.0,20.0,1.0,1.0,0.0,11.0,11.0,9.0,10.0,1.0,3.0,0.0,0.0,0.0,0.0,0.0,37.0,30.0,6.7,5.0,0.0566083,92.7474180703,10.0,36.647387287833,1.0,0.0,6.7,7.2,1,0.0,-0.1,0.21,0.16,0.0,"{'sportSlug': 'football', 'statisticsType': 'player'}",0.0,0.0,1.0,3.0,0.0,1.0,1.0,0.0,3.0,0.0,1.0,0.0,0.0,1.0,0.0,0.0,0.0,0.0,0.3085,-0.52,0.0,17.64311759203,17.855763103267,1.0,0.2966,0.0,0.0,2.0,0.0,0.0,0.0,1.0,0.0,0.0,0.0,0.0,0.0,0.0,0.0,0.0,0.0,0.0,0.0
14083422,973887,Eduardo Camavinga,M,6,True,False,12.0,11.0,1.0,0.0,0.0,7.0,7.0,4.0,5.0,1.0,0.0,0.0,0.0,0.0,0.0,0.0,12.0,14.0,6.7,1.0,0.00124016,9.6439806875905,3.0,-2.9742438355277,0.0,0.0,6.7,6.6,0,0.0,-0.03,0.0,0.29,0.0,"{'sportSlug': 'football', 'statisticsType': 'player'}",0.0,0.0,1.0,0.0,0.0,0.0,0.0,0.0,0.0,0.0,0.0,1.0,0.0,0.0,0.0,1.0,0.0,0.0,0.0,0.0,0.0,0.0,0.0,0.0,0.0,0.0,0.0,0.0,0.0,0.0,0.0,0.0,0.0,0.0,0.0,0.0,0.0,0.0,0.0,0.0,0.0,0.0,0.0
14083422,1402688,César Palacios,M,38,True,False,8.0,7.0,1.0,1.0,0.0,5.0,5.0,2.0,3.0,0.0,1.0,0.0,0.0,0.0,0.0,0.0,12.0,11.0,6.6,1.0,0.00027249,11.652879203398,2.0,-0.58810102703555,0.0,0.0,6.6,6.6,0,0.0,-0.03,-0.18,-0.04,0.0,"{'sportSlug': 'football', 'statisticsType': 'player'}",0.0,0.0,3.0,3.0,1.0,0.0,0.0,0.0,0.0,2.0,0.0,0.0,0.0,0.0,0.0,0.0,0.0,0.0,0.0,0.0,0.0,0.0,0.0,0.0,0.0,2.0,1.0,1.0,0.0,0.0,0.0,0.0,0.0,0.0,0.0,0.0,0.0,0.0,0.0,0.0,0.0,0.0,0.0
14083422,1493226,Fran González,G,26,True,False,0.0,0.0,0.0,0.0,0.0,0.0,0.0,0.0,0.0,0.0,0.0,0.0,0.0,0.0,0.0,0.0,0.0,0.0,0.0,0.0,0.0,0.0,0.0,0.0,0.0,0.0,0.0,0.0,0,0.0,0.0,0.0,0.0,0.0,"{'sportSlug': 'football', 'statisticsType': 'player'}",0.0,0.0,0.0,0.0,0.0,0.0,0.0,0.0,0.0,0.0,0.0,0.0,0.0,0.0,0.0,0.0,0.0,0.0,0.0,0.0,0.0,0.0,0.0,0.0,0.0,0.0,0.0,0.0,0.0,0.0,0.0,0.0,0.0,0.0,0.0,0.0,0.0,0.0,0.0,0.0,0.0,0.0,0.0
14083422,1403015,Sergio Mestre,G,43,True,False,0.0,0.0,0.0,0.0,0.0,0.0,0.0,0.0,0.0,0.0,0.0,0.0,0.0,0.0,0.0,0.0,0.0,0.0,0.0,0.0,0.0,0.0,0.0,0.0,0.0,0.0,0.0,0.0,0,0.0,0.0,0.0,0.0,0.0,"{'sportSlug': 'football', 'statisticsType': 'player'}",0.0,0.0,0.0,0.0,0.0,0.0,0.0,0.0,0.0,0.0,0.0,0.0,0.0,0.0,0.0,0.0,0.0,0.0,0.0,0.0,0.0,0.0,0.0,0.0,0.0,0.0,0.0,0.0,0.0,0.0,0.0,0.0,0.0,0.0,0.0,0.0,0.0,0.0,0.0,0.0,0.0,0.0,0.0
14083422,1085081,Álvaro Carreras,D,18,True,False,0.0,0.0,0.0,0.0,0.0,0.0,0.0,0.0,0.0,0.0,0.0,0.0,0.0,0.0,0.0,0.0,0.0,0.0,0.0,0.0,0.0,0.0,0.0,0.0,0.0,0.0,0.0,0.0,0,0.0,0.0,0.0,0.0,0.0,"{'sportSlug': 'football', 'statisticsType': 'player'}",0.0,0.0,0.0,0.0,0.0,0.0,0.0,0.0,0.0,0.0,0.0,0.0,0.0,0.0,0.0,0.0,0.0,0.0,0.0,0.0,0.0,0.0,0.0,0.0,0.0,0.0,0.0,0.0,0.0,0.0,0.0,0.0,0.0,0.0,0.0,0.0,0.0,0.0,0.0,0.0,0.0,0.0,0.0
14083422,1156645,Raúl Asencio,D,17,True,False,0.0,0.0,0.0,0.0,0.0,0.0,0.0,0.0,0.0,0.0,0.0,0.0,0.0,0.0,0.0,0.0,0.0,0.0,0.0,0.0,0.0,0.0,0.0,0.0,0.0,0.0,0.0,0.0,0,0.0,0.0,0.0,0.0,0.0,"{'sportSlug': 'football', 'statisticsType': 'player'}",0.0,0.0,0.0,0.0,0.0,0.0,0.0,0.0,0.0,0.0,0.0,0.0,0.0,0.0,0.0,0.0,0.0,0.0,0.0,0.0,0.0,0.0,0.0,0.0,0.0,0.0,0.0,0.0,0.0,0.0,0.0,0.0,0.0,0.0,0.0,0.0,0.0,0.0,0.0,0.0,0.0,0.0,0.0
14083422,66492,David Alaba,D,4,True,False,0.0,0.0,0.0,0.0,0.0,0.0,0.0,0.0,0.0,0.0,0.0,0.0,0.0,0.0,0.0,0.0,0.0,0.0,0.0,0.0,0.0,0.0,0.0,0.0,0.0,0.0,0.0,0.0,0,0.0,0.0,0.0,0.0,0.0,"{'sportSlug': 'football', 'statisticsType': 'player'}",0.0,0.0,0.0,0.0,0.0,0.0,0.0,0.0,0.0,0.0,0.0,0.0,0.0,0.0,0.0,0.0,0.0,0.0,0.0,0.0,0.0,0.0,0.0,0.0,0.0,0.0,0.0,0.0,0.0,0.0,0.0,0.0,0.0,0.0,0.0,0.0,0.0,0.0,0.0,0.0,0.0,0.0,0.0
14083422,1142689,David Jiménez,D,35,True,False,0.0,0.0,0.0,0.0,0.0,0.0,0.0,0.0,0.0,0.0,0.0,0.0,0.0,0.0,0.0,0.0,0.0,0.0,0.0,0.0,0.0,0.0,0.0,0.0,0.0,0.0,0.0,0.0,0,0.0,0.0,0.0,0.0,0.0,"{'sportSlug': 'football', 'statisticsType': 'player'}",0.0,0.0,0.0,0.0,0.0,0.0,0.0,0.0,0.0,0.0,0.0,0.0,0.0,0.0,0.0,0.0,0.0,0.0,0.0,0.0,0.0,0.0,0.0,0.0,0.0,0.0,0.0,0.0,0.0,0.0,0.0,0.0,0.0,0.0,0.0,0.0,0.0,0.0,0.0,0.0,0.0,0.0,0.0
14083211,857574,Andriy Lunin,G,13,False,False,31.0,27.0,9.0,5.0,0.0,23.0,24.0,4.0,7.0,0.0,6.0,0.0,1.0,3.0,0.0,0.0,90.0,39.0,7.6,4.0,0.00128442,44.043413677167,8.0,12.560412176447,0.0,0.5582,7.6,7.2,0,0.7449,0.06,0.03,0.43,0.45,"{'sportSlug': 'football', 'statisticsType': 'player'}",0.0,0.0,0.0,1.0,0.0,0.0,0.0,0.0,0.0,0.0,0.0,0.0,0.0,0.0,0.0,0.0,0.0,0.0,0.0,0.0,0.0,0.0,0.0,0.0,0.0,1.0,0.0,0.0,0.0,0.0,0.0,0.0,1.0,0.0,0.0,0.0,0.0,0.0,0.0,0.0,0.0,0.0,0.0
14083211,795064,Trent Alexander-Arnold,D,12,False,False,57.0,43.0,11.0,7.0,0.0,22.0,25.0,21.0,32.0,1.0,4.0,0.0,0.0,0.0,0.0,0.0,90.0,91.0,6.5,27.0,0.102481,111.03295756418,16.0,2.9481486351516,0.0,0.0,6.5,7.0,0,0.0,0.15,0.02,-0.16,0.0,"{'sportSlug': 'football', 'statisticsType': 'player'}",9.0,2.0,7.0,3.0,2.0,2.0,1.0,0.0,0.0,2.0,2.0,0.0,1.0,2.0,0.0,1.0,0.0,0.0,0.0,0.0,0.0,0.0,0.0,0.0,0.0,1.0,1.0,0.0,0.0,0.0,0.0,0.0,0.0,0.0,0.0,0.0,0.0,0.0,0.0,0.0,0.0,0.0,0.0
14083211,142622,Antonio Rüdiger,D,22,False,False,66.0,58.0,7.0,1.0,0.0,42.0,46.0,16.0,20.0,4.0,3.0,0.0,0.0,0.0,0.0,0.0,90.0,76.0,6.6,8.0,0.0116279,119.03405576808,19.0,21.38871649045,0.0,0.0,6.6,6.6,0,0.0,0.2,0.03,-0.11,0.0,"{'sportSlug': 'football', 'statisticsType': 'player'}",0.0,0.0,0.0,1.0,0.0,0.0,0.0,1.0,0.0,0.0,0.0,0.0,1.0,0.0,0.0,0.0,0.0,0.0,0.0,0.0,0.0,0.0,0.0,0.0,0.0,0.0,0.0,0.0,0.0,0.0,0.0,0.0,0.0,0.0,0.0,0.0,0.0,0.0,0.0,0.0,0.0,0.0,0.0
14083211,1176744,Dean Huijsen,D,24,False,False,47.0,41.0,1.0,0.0,0.0,25.0,26.0,16.0,21.0,3.0,2.0,0.0,0.0,0.0,0.0,0.0,73.0,57.0,7.6,9.0,0.00527574,209.72778783503,22.0,161.97944903079,2.0,0.0,7.6,7.3,1,0.0,0.18,0.2,0.85,0.0,"{'sportSlug': 'football', 'statisticsType': 'player'}",0.0,0.0,1.0,4.0,0.0,0.0,0.0,0.0,3.0,1.0,0.0,0.0,2.0,0.0,0.0,1.0,0.0,0.0,0.0064,-0.13,0.0,24.8209545551,40.478968777515,1.0,0.0107,2.0,2.0,0.0,0.0,0.0,0.0,0.0,1.0,0.0,0.0,0.0,0.0,0.0,0.0,0.0,0.0,0.0,0.0
14083211,792073,Ferland Mendy,D,23,False,False,37.0,32.0,0.0,0.0,0.0,10.0,13.0,22.0,24.0,1.0,5.0,0.0,0.0,0.0,0.0,0.0,90.0,48.0,6.0,7.0,0.0162288,68.060952070057,9.0,27.264232433524,0.0,0.0,6.0,6.1,0,0.0,0.09,0.03,-0.49,0.0,"{'sportSlug': 'football', 'statisticsType': 'player'}",0.0,0.0,2.0,2.0,0.0,1.0,1.0,1.0,2.0,2.0,0.0,0.0,1.0,0.0,0.0,0.0,0.0,0.0,0.0,0.0,0.0,0.0,0.0,0.0,0.0,0.0,0.0,0.0,0.0,0.0,0.0,0.0,0.0,1.0,0.0,0.0,0.0,0.0,0.0,0.0,0.0,0.0,0.0
14083211,835485,Brahim Díaz,M,21,False,False,27.0,22.0,0.0,0.0,0.0,10.0,11.0,12.0,16.0,1.0,2.0,0.0,0.0,0.0,0.0,0.0,82.0,36.0,6.3,9.0,0.123667,56.82000721149,8.0,45.66420065517,0.0,0.0,6.3,6.6,0,0.0,-0.26,0.3,0.22,0.0,"{'sportSlug': 'football', 'statisticsType': 'player'}",0.0,0.0,3.0,1.0,0.0,0.0,0.0,0.0,2.0,1.0,1.0,0.0,0.0,2.0,0.0,0.0,0.0,0.0,0.0,0.0,0.0,0.0,0.0,0.0,0.0,0.0,0.0,1.0,0.0,0.0,0.0,0.0,0.0,0.0,0.0,0.0,0.0,0.0,0.0,0.0,0.0,0.0,0.0
14083211,991011,Jude Bellingham,M,5,False,False,59.0,51.0,2.0,0.0,0.0,19.0,20.0,32.0,39.0,0.0,5.0,0.0,0.0,0.0,0.0,0.0,90.0,78.0,7.0,17.0,0.0918345,262.187068951,28.0,83.598551327059,4.0,0.0,7.0,7.1,3,0.0,-0.02,0.23,-0.04,0.0,"{'sportSlug': 'football', 'statisticsType': 'player'}",2.0,0.0,4.0,9.0,0.0,3.0,1.0,0.0,4.0,1.0,1.0,0.0,4.0,1.0,1.0,0.0,0.0,1.0,0.1945,0.2,0.0,22.672765383434,87.822494860892,2.0,0.6171,0.0,0.0,4.0,0.0,0.0,0.0,1.0,0.0,0.0,0.0,0.0,0.0,0.0,0.0,0.0,0.0,0.0,0.0
14083211,831808,Federico Valverde,M,8,False,True,76.0,71.0,3.0,2.0,0.0,37.0,39.0,34.0,37.0,3.0,8.0,0.0,0.0,0.0,0.0,0.0,90.0,91.0,7.3,6.0,0.0458662,158.45614541229,23.0,61.955281827385,2.0,0.0,7.3,7.6,2,0.0,0.12,0.32,0.22,0.0,"{'sportSlug': 'football', 'statisticsType': 'player'}",0.0,0.0,1.0,4.0,0.0,2.0,2.0,2.0,0.0,0.0,0.0,0.0,0.0,1.0,0.0,1.0,0.0,0.0,0.1129,-0.14,0.0,29.707207806914,53.64835503249,2.0,0.2211,1.0,0.0,1.0,0.0,0.0,0.0,0.0,0.0,0.0,0.0,0.0,0.0,0.0,0.0,0.0,0.0,0.0,0.0
14083211,2237795,Thiago Pitarch,M,45,False,False,34.0,32.0,0.0,0.0,0.0,10.0,11.0,22.0,23.0,1.0,1.0,0.0,0.0,0.0,0.0,0.0,73.0,48.0,6.7,5.0,0.0850545,187.18528527969,20.0,77.966015444374,1.0,0.0,6.7,6.6,0,0.0,-0.11,0.35,-0.32,0.0,"{'sportSlug': 'football', 'statisticsType': 'player'}",0.0,0.0,5.0,6.0,2.0,2.0,2.0,0.0,1.0,0.0,0.0,2.0,0.0,1.0,0.0,0.0,2.0,1.0,0.0,0.0,0.0,41.895079498818,45.333970706304,0.0,0.0,3.0,0.0,1.0,0.0,0.0,0.0,0.0,0.0,0.0,0.0,0.0,0.0,0.0,0.0,0.0,0.0,0.0,0.0
14083211,826643,Kylian Mbappé,F,10,False,False,28.0,22.0,1.0,1.0,0.0,3.0,3.0,19.0,25.0,0.0,0.0,0.0,0.0,0.0,0.0,0.0,81.0,43.0,6.3,12.0,0.0978667,89.824616507571,12.0,21.615775556966,1.0,0.0,6.3,7.4,3,0.0,-0.5,0.06,-0.01,0.0,"{'sportSlug': 'football', 'statisticsType': 'player'}",0.0,0.0,2.0,4.0,0.0,5.0,3.0,0.0,1.0,0.0,2.0,0.0,0.0,0.0,0.0,0.0,0.0,1.0,0.1916,-0.53,2.0,21.677416198363,21.80327764351,1.0,0.0547,1.0,0.0,0.0,0.0,0.0,0.0,0.0,0.0,0.0,0.0,0.0,0.0,0.0,0.0,0.0,0.0,0.0,0.0
14083211,868812,Vinicius Júnior,F,7,False,False,46.0,39.0,0.0,0.0,0.0,4.0,6.0,35.0,40.0,0.0,4.0,0.0,0.0,0.0,0.0,0.0,90.0,56.0,7.6,12.0,0.270016,320.54094358243,32.0,244.47537620498,10.0,0.0,7.6,7.8,2,0.0,-0.03,0.99,0.14,0.0,"{'sportSlug': 'football', 'statisticsType': 'player'}",1.0,0.0,5.0,2.0,0.0,5.0,2.0,0.0,0.0,1.0,3.0,0.0,0.0,1.0,0.0,0.0,0.0,0.0,0.6398,0.27,0.0,21.336522098036,164.63950217,2.0,1.0398,0.0,0.0,0.0,0.0,1.0,1.0,0.0,0.0,0.0,0.0,0.0,0.0,0.0,0.0,0.0,0.0,0.0,0.0
14083211,66492,David Alaba,D,4,True,False,9.0,8.0,1.0,0.0,0.0,7.0,8.0,1.0,1.0,0.0,0.0,0.0,0.0,0.0,0.0,0.0,17.0,9.0,6.2,1.0,0.00034647,20.908459786532,2.0,8.7856011185434,0.0,0.0,6.2,6.1,0,0.0,0.02,0.01,-0.23,0.0,"{'sportSlug': 'football', 'statisticsType': 'player'}",0.0,0.0,1.0,0.0,1.0,0.0,0.0,0.0,0.0,0.0,0.0,0.0,0.0,0.0,0.0,0.0,0.0,0.0,0.0,0.0,0.0,0.0,0.0,0.0,0.0,0.0,0.0,0.0,0.0,0.0,0.0,0.0,0.0,0.0,0.0,0.0,0.0,0.0,0.0,0.0,0.0,0.0,0.0
14083211,973887,Eduardo Camavinga,M,6,True,False,8.0,7.0,0.0,0.0,0.0,4.0,5.0,3.0,3.0,2.0,1.0,0.0,0.0,0.0,0.0,0.0,17.0,21.0,7.2,2.0,0.00411019,38.929694576415,4.0,36.243319200571,1.0,0.0,7.2,7.4,1,0.0,0.03,0.3,0.34,0.0,"{'sportSlug': 'football', 'statisticsType': 'player'}",0.0,0.0,0.0,4.0,0.0,1.0,1.0,1.0,1.0,0.0,0.0,0.0,0.0,0.0,1.0,2.0,0.0,0.0,0.0486,-0.11,0.0,11.427754189449,11.999995041666,0.0,0.0,1.0,1.0,2.0,0.0,0.0,0.0,0.0,0.0,0.0,0.0,0.0,0.0,0.0,0.0,0.0,0.0,0.0,0.0
14083211,1402716,Gonzalo García,F,16,True,False,5.0,5.0,0.0,0.0,0.0,3.0,3.0,2.0,2.0,0.0,0.0,0.0,0.0,0.0,0.0,0.0,9.0,6.0,6.5,1.0,0.00167733,0.0,0.0,0.0,0.0,0.0,6.5,6.5,0,0.0,-0.01,0.0,0.0,0.0,"{'sportSlug': 'football', 'statisticsType': 'player'}",0.0,0.0,0.0,0.0,0.0,0.0,0.0,0.0,1.0,0.0,0.0,0.0,0.0,0.0,0.0,0.0,0.0,0.0,0.0,0.0,0.0,0.0,0.0,0.0,0.0,0.0,0.0,0.0,0.0,0.0,0.0,0.0,0.0,0.0,0.0,0.0,0.0,0.0,0.0,0.0,0.0,0.0,0.0
14083211,1142683,Manuel Ángel Morán,M,37,True,False,6.0,5.0,0.0,0.0,0.0,2.0,2.0,3.0,4.0,0.0,1.0,0.0,0.0,0.0,0.0,0.0,8.0,8.0,6.5,2.0,0.0013688,14.003849441903,3.0,0.73249049317103,0.0,0.0,6.5,6.4,0,0.0,-0.02,0.01,-0.07,0.0,"{'sportSlug': 'football', 'statisticsType': 'player'}",0.0,0.0,0.0,1.0,0.0,0.0,0.0,0.0,1.0,0.0,0.0,0.0,0.0,0.0,0.0,0.0,0.0,0.0,0.0,0.0,0.0,0.0,0.0,0.0,0.0,1.0,0.0,0.0,0.0,0.0,0.0,0.0,0.0,0.0,0.0,0.0,0.0,0.0,0.0,0.0,0.0,0.0,0.0
14083211,1975197,Javier Navarro Jimenez,G,29,True,False,0.0,0.0,0.0,0.0,0.0,0.0,0.0,0.0,0.0,0.0,0.0,0.0,0.0,0.0,0.0,0.0,0.0,0.0,0.0,0.0,0.0,0.0,0.0,0.0,0.0,0.0,0.0,0.0,0,0.0,0.0,0.0,0.0,0.0,"{'sportSlug': 'football', 'statisticsType': 'player'}",0.0,0.0,0.0,0.0,0.0,0.0,0.0,0.0,0.0,0.0,0.0,0.0,0.0,0.0,0.0,0.0,0.0,0.0,0.0,0.0,0.0,0.0,0.0,0.0,0.0,0.0,0.0,0.0,0.0,0.0,0.0,0.0,0.0,0.0,0.0,0.0,0.0,0.0,0.0,0.0,0.0,0.0,0.0
14083211,138572,Dani Carvajal,D,2,True,False,0.0,0.0,0.0,0.0,0.0,0.0,0.0,0.0,0.0,0.0,0.0,0.0,0.0,0.0,0.0,0.0,0.0,0.0,0.0,0.0,0.0,0.0,0.0,0.0,0.0,0.0,0.0,0.0,0,0.0,0.0,0.0,0.0,0.0,"{'sportSlug': 'football', 'statisticsType': 'player'}",0.0,0.0,0.0,0.0,0.0,0.0,0.0,0.0,0.0,0.0,0.0,0.0,0.0,0.0,0.0,0.0,0.0,0.0,0.0,0.0,0.0,0.0,0.0,0.0,0.0,0.0,0.0,0.0,0.0,0.0,0.0,0.0,0.0,0.0,0.0,0.0,0.0,0.0,0.0,0.0,0.0,0.0,0.0
14083211,1085081,Álvaro Carreras,D,18,True,False,0.0,0.0,0.0,0.0,0.0,0.0,0.0,0.0,0.0,0.0,0.0,0.0,0.0,0.0,0.0,0.0,0.0,0.0,0.0,0.0,0.0,0.0,0.0,0.0,0.0,0.0,0.0,0.0,0,0.0,0.0,0.0,0.0,0.0,"{'sportSlug': 'football', 'statisticsType': 'player'}",0.0,0.0,0.0,0.0,0.0,0.0,0.0,0.0,0.0,0.0,0.0,0.0,0.0,0.0,0.0,0.0,0.0,0.0,0.0,0.0,0.0,0.0,0.0,0.0,0.0,0.0,0.0,0.0,0.0,0.0,0.0,0.0,0.0,0.0,0.0,0.0,0.0,0.0,0.0,0.0,0.0,0.0,0.0
14083211,1614687,Diego Aguado,D,27,True,False,0.0,0.0,0.0,0.0,0.0,0.0,0.0,0.0,0.0,0.0,0.0,0.0,0.0,0.0,0.0,0.0,0.0,0.0,0.0,0.0,0.0,0.0,0.0,0.0,0.0,0.0,0.0,0.0,0,0.0,0.0,0.0,0.0,0.0,"{'sportSlug': 'football', 'statisticsType': 'player'}",0.0,0.0,0.0,0.0,0.0,0.0,0.0,0.0,0.0,0.0,0.0,0.0,0.0,0.0,0.0,0.0,0.0,0.0,0.0,0.0,0.0,0.0,0.0,0.0,0.0,0.0,0.0,0.0,0.0,0.0,0.0,0.0,0.0,0.0,0.0,0.0,0.0,0.0,0.0,0.0,0.0,0.0,0.0
14083211,851271,Fran García,D,20,True,False,0.0,0.0,0.0,0.0,0.0,0.0,0.0,0.0,0.0,0.0,0.0,0.0,0.0,0.0,0.0,0.0,0.0,0.0,0.0,0.0,0.0,0.0,0.0,0.0,0.0,0.0,0.0,0.0,0,0.0,0.0,0.0,0.0,0.0,"{'sportSlug': 'football', 'statisticsType': 'player'}",0.0,0.0,0.0,0.0,0.0,0.0,0.0,0.0,0.0,0.0,0.0,0.0,0.0,0.0,0.0,0.0,0.0,0.0,0.0,0.0,0.0,0.0,0.0,0.0,0.0,0.0,0.0,0.0,0.0,0.0,0.0,0.0,0.0,0.0,0.0,0.0,0.0,0.0,0.0,0.0,0.0,0.0,0.0
14083211,1156645,Raúl Asencio,D,17,True,False,0.0,0.0,0.0,0.0,0.0,0.0,0.0,0.0,0.0,0.0,0.0,0.0,0.0,0.0,0.0,0.0,0.0,0.0,0.0,0.0,0.0,0.0,0.0,0.0,0.0,0.0,0.0,0.0,0,0.0,0.0,0.0,0.0,0.0,"{'sportSlug': 'football', 'statisticsType': 'player'}",0.0,0.0,0.0,0.0,0.0,0.0,0.0,0.0,0.0,0.0,0.0,0.0,0.0,0.0,0.0,0.0,0.0,0.0,0.0,0.0,0.0,0.0,0.0,0.0,0.0,0.0,0.0,0.0,0.0,0.0,0.0,0.0,0.0,0.0,0.0,0.0,0.0,0.0,0.0,0.0,0.0,0.0,0.0
14083211,1590121,Jorge Cestero,M,28,True,False,0.0,0.0,0.0,0.0,0.0,0.0,0.0,0.0,0.0,0.0,0.0,0.0,0.0,0.0,0.0,0.0,0.0,0.0,0.0,0.0,0.0,0.0,0.0,0.0,0.0,0.0,0.0,0.0,0,0.0,0.0,0.0,0.0,0.0,"{'sportSlug': 'football', 'statisticsType': 'player'}",0.0,0.0,0.0,0.0,0.0,0.0,0.0,0.0,0.0,0.0,0.0,0.0,0.0,0.0,0.0,0.0,0.0,0.0,0.0,0.0,0.0,0.0,0.0,0.0,0.0,0.0,0.0,0.0,0.0,0.0,0.0,0.0,0.0,0.0,0.0,0.0,0.0,0.0,0.0,0.0,0.0,0.0,0.0
14083211,1403559,Franco Mastantuono,F,30,True,False,0.0,0.0,0.0,0.0,0.0,0.0,0.0,0.0,0.0,0.0,0.0,0.0,0.0,0.0,0.0,0.0,0.0,0.0,0.0,0.0,0.0,0.0,0.0,0.0,0.0,0.0,0.0,0.0,0,0.0,0.0,0.0,0.0,0.0,"{'sportSlug': 'football', 'statisticsType': 'player'}",0.0,0.0,0.0,0.0,0.0,0.0,0.0,0.0,0.0,0.0,0.0,0.0,0.0,0.0,0.0,0.0,0.0,0.0,0.0,0.0,0.0,0.0,0.0,0.0,0.0,0.0,0.0,0.0,0.0,0.0,0.0,0.0,0.0,0.0,0.0,0.0,0.0,0.0,0.0,0.0,0.0,0.0,0.0
14083295,857574,Andriy Lunin,G,13,False,False,36.0,32.0,12.0,8.0,0.0,29.0,29.0,3.0,7.0,1.0,6.0,1.0,3.0,4.0,0.0,0.0,90.0,45.0,7.6,4.0,0.00134267,56.131765641319,9.0,31.353077208489,0.0,0.2945,7.6,7.6,0,0.3237,0.11,-0.08,-0.03,0.3,"{'sportSlug': 'football', 'statisticsType': 'player'}",0.0,0.0,0.0,1.0,0.0,0.0,0.0,0.0,0.0,0.0,0.0,0.0,1.0,0.0,0.0,0.0,0.0,0.0,0.0,0.0,0.0,0.0,0.0,0.0,0.0,0.0,0.0,0.0,0.0,0.0,0.0,0.0,0.0,0.0,0.0,0.0,0.0,0.0,0.0,0.0,0.0,0.0,0.0
14083295,795064,Trent Alexander-Arnold,D,12,False,False,65.0,61.0,10.0,9.0,0.0,19.0,20.0,42.0,45.0,1.0,6.0,0.0,0.0,0.0,0.0,0.0,63.0,82.0,7.5,10.0,0.0796883,164.03027718573,22.0,65.704344200796,2.0,0.0,7.5,7.4,2,0.0,0.3,0.06,0.2,0.0,"{'sportSlug': 'football', 'statisticsType': 'player'}",6.0,2.0,0.0,1.0,0.0,1.0,1.0,0.0,1.0,0.0,1.0,0.0,0.0,0.0,1.0,0.0,0.0,0.0,0.0654,-0.05,1.0,17.232016561162,39.405507723952,0.0,0.0,0.0,0.0,0.0,0.0,0.0,0.0,0.0,0.0,0.0,0.0,0.0,0.0,0.0,0.0,0.0,0.0,0.0,0.0
14083295,822519,Éder Militão,D,3,False,False,23.0,19.0,4.0,1.0,0.0,11.0,11.0,8.0,12.0,3.0,1.0,0.0,0.0,0.0,0.0,0.0,44.0,34.0,7.0,5.0,0.00738376,83.936084628762,12.0,20.170169906698,0.0,0.0,7.0,7.2,1,0.0,0.08,0.04,0.24,0.0,"{'sportSlug': 'football', 'statisticsType': 'player'}",0.0,0.0,2.0,4.0,1.0,1.0,1.0,0.0,1.0,1.0,1.0,0.0,0.0,0.0,0.0,1.0,0.0,0.0,0.1007,-0.27,1.0,0.0,0.0,0.0,0.0,2.0,1.0,1.0,1.0,0.0,0.0,0.0,0.0,0.0,0.0,0.0,0.0,0.0,0.0,0.0,0.0,0.0,0.0
14083295,1176744,Dean Huijsen,D,24,False,False,71.0,66.0,12.0,11.0,0.0,33.0,33.0,33.0,38.0,10.0,4.0,0.0,0.0,0.0,0.0,0.0,90.0,96.0,8.6,5.0,0.0392073,198.74876932531,28.0,83.27349181851,1.0,0.0,8.6,7.8,0,0.0,0.5,0.17,0.81,0.0,"{'sportSlug': 'football', 'statisticsType': 'player'}",0.0,0.0,4.0,5.0,0.0,0.0,0.0,1.0,0.0,0.0,0.0,4.0,2.0,0.0,0.0,2.0,0.0,0.0,0.0,0.0,0.0,7.3586881828237,7.6478713378299,0.0,0.0,2.0,1.0,1.0,0.0,0.0,0.0,0.0,0.0,0.0,0.0,0.0,0.0,0.0,0.0,0.0,0.0,0.0,0.0
14083295,1085081,Álvaro Carreras,D,18,False,False,75.0,68.0,1.0,0.0,0.0,32.0,34.0,36.0,41.0,4.0,7.0,0.0,0.0,0.0,0.0,0.0,90.0,101.0,7.0,12.0,0.0261094,160.69745912272,21.0,77.850431043222,0.0,0.0,7.0,7.1,0,0.0,0.17,0.01,-0.14,0.0,"{'sportSlug': 'football', 'statisticsType': 'player'}",0.0,0.0,2.0,9.0,0.0,1.0,1.0,1.0,2.0,0.0,1.0,0.0,1.0,2.0,0.0,0.0,1.0,0.0,0.0,0.0,0.0,0.0,0.0,0.0,0.0,5.0,1.0,2.0,0.0,0.0,0.0,0.0,0.0,0.0,0.0,0.0,0.0,0.0,0.0,0.0,0.0,0.0,0.0
14083295,831808,Federico Valverde,M,8,False,True,54.0,50.0,3.0,3.0,1.0,19.0,19.0,31.0,35.0,0.0,4.0,0.0,0.0,0.0,0.0,0.0,90.0,63.0,7.3,7.0,0.0646917,166.31267363783,18.0,63.858249514691,2.0,0.0,7.3,7.5,1,0.0,0.39,0.32,-0.05,0.0,"{'sportSlug': 'football', 'statisticsType': 'player'}",1.0,0.0,2.0,4.0,0.0,1.0,1.0,0.0,1.0,1.0,1.0,1.0,1.0,0.0,0.0,0.0,0.0,0.0,0.0437,-0.27,1.0,25.364875306064,43.845660826394,0.0,0.0,2.0,2.0,0.0,0.0,0.0,0.0,0.0,0.0,0.0,0.0,0.0,0.0,0.0,0.0,0.0,0.0,0.0,0.0
14083295,991011,Jude Bellingham,M,5,False,False,35.0,32.0,3.0,3.0,0.0,10.0,10.0,22.0,25.0,1.0,1.0,0.0,0.0,0.0,0.0,0.0,58.0,52.0,7.7,7.0,0.128692,127.85252620226,17.0,52.490160235888,2.0,0.0,7.7,7.3,3,0.0,0.38,0.23,0.27,0.0,"{'sportSlug': 'football', 'statisticsType': 'player'}",3.0,1.0,4.0,7.0,0.0,3.0,2.0,0.0,0.0,0.0,1.0,2.0,4.0,1.0,2.0,1.0,0.0,0.0,0.4191,0.0,1.0,14.344615318951,24.592493230543,0.0,0.0,1.0,0.0,0.0,0.0,0.0,0.0,0.0,0.0,0.0,0.0,0.0,0.0,0.0,0.0,0.0,0.0,0.0,0.0
14083295,859025,Aurélien Tchouaméni,M,14,False,False,42.0,37.0,1.0,0.0,0.0,11.0,11.0,26.0,31.0,4.0,4.0,0.0,0.0,0.0,0.0,0.0,63.0,56.0,6.9,8.0,0.0261088,45.909160562007,6.0,14.491519122047,0.0,0.0,6.9,7.0,2,0.0,0.27,0.06,0.39,0.0,"{'sportSlug': 'football', 'statisticsType': 'player'}",0.0,0.0,4.0,4.0,0.0,1.0,0.0,2.0,1.0,2.0,0.0,0.0,4.0,1.0,1.0,1.0,0.0,0.0,0.1373,-0.16,0.0,0.0,0.0,1.0,0.1336,0.0,0.0,0.0,0.0,0.0,0.0,0.0,0.0,0.0,0.0,0.0,0.0,0.0,0.0,0.0,0.0,0.0,0.0
14083295,1091116,Arda Güler,M,15,False,False,51.0,47.0,5.0,4.0,1.0,8.0,8.0,39.0,43.0,0.0,4.0,0.0,0.0,0.0,0.0,0.0,58.0,63.0,7.6,6.0,0.214592,90.00422353461,14.0,-16.748422787976,0.0,0.0,7.6,7.9,1,0.0,0.44,-0.55,0.13,0.0,"{'sportSlug': 'football', 'statisticsType': 'player'}",2.0,2.0,0.0,5.0,0.0,1.0,1.0,1.0,1.0,0.0,3.0,0.0,0.0,0.0,1.0,0.0,0.0,0.0,0.013,-0.02,0.0,0.0,0.0,0.0,0.0,1.0,1.0,3.0,0.0,0.0,0.0,0.0,0.0,0.0,0.0,0.0,0.0,0.0,0.0,0.0,0.0,0.0,0.0
14083295,826643,Kylian Mbappé,F,10,False,False,43.0,36.0,2.0,2.0,0.0,4.0,4.0,32.0,39.0,0.0,1.0,0.0,0.0,0.0,0.0,0.0,90.0,63.0,8.1,13.0,0.13919,259.2342737865,19.0,202.72838176582,7.0,0.0,8.1,8.7,7,0.0,0.3,0.43,-0.02,0.0,"{'sportSlug': 'football', 'statisticsType': 'player'}",1.0,0.0,5.0,7.0,0.0,7.0,5.0,0.0,1.0,2.0,4.0,0.0,1.0,2.0,1.0,0.0,0.0,4.0,0.5687,0.4,2.0,39.823241386363,166.14839606242,4.0,0.7814,0.0,0.0,1.0,0.0,1.0,0.0,0.0,0.0,0.0,0.0,0.0,0.0,0.0,0.0,0.0,0.0,0.0,0.0
14083295,868812,Vinicius Júnior,F,7,False,False,43.0,38.0,1.0,0.0,0.0,4.0,4.0,34.0,39.0,0.0,8.0,0.0,0.0,0.0,0.0,0.0,90.0,66.0,9.4,13.0,0.296642,337.70717519994,32.0,252.21186822397,14.0,0.0,9.4,8.5,4,0.0,0.53,0.96,0.2,0.0,"{'sportSlug': 'football', 'statisticsType': 'player'}",0.0,0.0,7.0,9.0,0.0,10.0,6.0,0.0,2.0,2.0,5.0,1.0,0.0,1.0,1.0,0.0,0.0,0.0,0.1449,0.46,1.0,23.641368769244,221.59785023246,2.0,0.0862,0.0,0.0,3.0,0.0,1.0,0.0,0.0,0.0,0.0,0.0,0.0,0.0,0.0,0.0,0.0,0.0,0.0,0.0
14083295,142622,Antonio Rüdiger,D,22,True,False,34.0,32.0,3.0,3.0,0.0,26.0,28.0,6.0,6.0,4.0,1.0,0.0,0.0,0.0,0.0,0.0,46.0,38.0,7.1,2.0,0.276181,54.137496448999,9.0,27.517035001473,0.0,0.0,7.1,6.7,0,0.0,0.41,0.02,-0.07,0.0,"{'sportSlug': 'football', 'statisticsType': 'player'}",0.0,0.0,0.0,0.0,0.0,0.0,0.0,0.0,0.0,0.0,0.0,0.0,0.0,0.0,0.0,0.0,0.0,0.0,0.0,0.0,0.0,0.0,0.0,0.0,0.0,0.0,0.0,0.0,0.0,0.0,0.0,0.0,0.0,0.0,0.0,0.0,0.0,0.0,0.0,0.0,0.0,0.0,0.0
14083295,835485,Brahim Díaz,M,21,True,False,15.0,15.0,0.0,0.0,0.0,8.0,8.0,7.0,7.0,0.0,1.0,0.0,0.0,0.0,0.0,0.0,32.0,25.0,6.0,4.0,0.0355275,53.645266677125,7.0,-16.274428348901,0.0,0.0,6.0,6.6,1,0.0,0.07,0.12,-0.26,0.0,"{'sportSlug': 'football', 'statisticsType': 'player'}",0.0,0.0,5.0,4.0,0.0,2.0,1.0,0.0,2.0,3.0,1.0,0.0,0.0,1.0,0.0,0.0,1.0,0.0,0.0473,-0.06,0.0,0.0,0.0,1.0,0.0,2.0,2.0,1.0,0.0,0.0,0.0,0.0,0.0,0.0,0.0,0.0,0.0,0.0,0.0,0.0,0.0,0.0,0.0
14083295,1403559,Franco Mastantuono,F,30,True,False,10.0,8.0,1.0,0.0,0.0,1.0,1.0,7.0,9.0,1.0,0.0,0.0,0.0,0.0,0.0,0.0,32.0,18.0,6.5,5.0,0.0045231,85.436693037102,7.0,22.437218485305,2.0,0.0,6.5,6.8,2,0.0,-0.1,0.15,0.15,0.0,"{'sportSlug': 'football', 'statisticsType': 'player'}",1.0,0.0,1.0,2.0,0.0,1.0,1.0,0.0,1.0,0.0,0.0,0.0,1.0,1.0,0.0,0.0,0.0,0.0,0.0845,-0.39,2.0,14.205425554965,43.909190135167,0.0,0.0,0.0,0.0,0.0,0.0,0.0,0.0,0.0,0.0,0.0,0.0,0.0,0.0,0.0,0.0,0.0,0.0,0.0,0.0
14083295,138572,Dani Carvajal,D,2,True,False,15.0,14.0,1.0,1.0,0.0,10.0,11.0,4.0,4.0,1.0,1.0,0.0,0.0,0.0,0.0,0.0,27.0,17.0,6.3,2.0,0.00112549,25.881891347825,5.0,1.7101049093264,0.0,0.0,6.3,6.4,0,0.0,-0.17,-0.12,-0.17,0.0,"{'sportSlug': 'football', 'statisticsType': 'player'}",0.0,0.0,1.0,1.0,0.0,0.0,0.0,0.0,0.0,1.0,0.0,0.0,1.0,0.0,0.0,0.0,0.0,0.0,0.0,0.0,0.0,0.0,0.0,0.0,0.0,0.0,0.0,0.0,0.0,0.0,0.0,0.0,0.0,0.0,0.0,0.0,0.0,0.0,0.0,0.0,0.0,0.0,0.0
14083295,973887,Eduardo Camavinga,M,6,True,False,19.0,14.0,4.0,2.0,0.0,10.0,11.0,4.0,8.0,0.0,3.0,0.0,0.0,0.0,0.0,0.0,27.0,24.0,6.6,7.0,0.00106893,78.867952396938,10.0,35.383600912538,0.0,0.0,6.6,6.4,0,0.0,0.04,0.14,0.15,0.0,"{'sportSlug': 'football', 'statisticsType': 'player'}",0.0,0.0,3.0,2.0,0.0,1.0,0.0,0.0,0.0,2.0,0.0,0.0,2.0,1.0,0.0,2.0,1.0,0.0,0.0,0.0,0.0,0.0,0.0,0.0,0.0,0.0,0.0,0.0,0.0,0.0,0.0,0.0,0.0,0.0,0.0,0.0,0.0,0.0,0.0,0.0,0.0,0.0,0.0
14083295,1403015,Sergio Mestre,G,43,True,False,0.0,0.0,0.0,0.0,0.0,0.0,0.0,0.0,0.0,0.0,0.0,0.0,0.0,0.0,0.0,0.0,0.0,0.0,0.0,0.0,0.0,0.0,0.0,0.0,0.0,0.0,0.0,0.0,0,0.0,0.0,0.0,0.0,0.0,"{'sportSlug': 'football', 'statisticsType': 'player'}",0.0,0.0,0.0,0.0,0.0,0.0,0.0,0.0,0.0,0.0,0.0,0.0,0.0,0.0,0.0,0.0,0.0,0.0,0.0,0.0,0.0,0.0,0.0,0.0,0.0,0.0,0.0,0.0,0.0,0.0,0.0,0.0,0.0,0.0,0.0,0.0,0.0,0.0,0.0,0.0,0.0,0.0,0.0
14083295,792073,Ferland Mendy,D,23,True,False,0.0,0.0,0.0,0.0,0.0,0.0,0.0,0.0,0.0,0.0,0.0,0.0,0.0,0.0,0.0,0.0,0.0,0.0,0.0,0.0,0.0,0.0,0.0,0.0,0.0,0.0,0.0,0.0,0,0.0,0.0,0.0,0.0,0.0,"{'sportSlug': 'football', 'statisticsType': 'player'}",0.0,0.0,0.0,0.0,0.0,0.0,0.0,0.0,0.0,0.0,0.0,0.0,0.0,0.0,0.0,0.0,0.0,0.0,0.0,0.0,0.0,0.0,0.0,0.0,0.0,0.0,0.0,0.0,0.0,0.0,0.0,0.0,0.0,0.0,0.0,0.0,0.0,0.0,0.0,0.0,0.0,0.0,0.0
14083295,851271,Fran García,D,20,True,False,0.0,0.0,0.0,0.0,0.0,0.0,0.0,0.0,0.0,0.0,0.0,0.0,0.0,0.0,0.0,0.0,0.0,0.0,0.0,0.0,0.0,0.0,0.0,0.0,0.0,0.0,0.0,0.0,0,0.0,0.0,0.0,0.0,0.0,"{'sportSlug': 'football', 'statisticsType': 'player'}",0.0,0.0,0.0,0.0,0.0,0.0,0.0,0.0,0.0,0.0,0.0,0.0,0.0,0.0,0.0,0.0,0.0,0.0,0.0,0.0,0.0,0.0,0.0,0.0,0.0,0.0,0.0,0.0,0.0,0.0,0.0,0.0,0.0,0.0,0.0,0.0,0.0,0.0,0.0,0.0,0.0,0.0,0.0
14083295,66492,David Alaba,D,4,True,False,0.0,0.0,0.0,0.0,0.0,0.0,0.0,0.0,0.0,0.0,0.0,0.0,0.0,0.0,0.0,0.0,0.0,0.0,0.0,0.0,0.0,0.0,0.0,0.0,0.0,0.0,0.0,0.0,0,0.0,0.0,0.0,0.0,0.0,"{'sportSlug': 'football', 'statisticsType': 'player'}",0.0,0.0,0.0,0.0,0.0,0.0,0.0,0.0,0.0,0.0,0.0,0.0,0.0,0.0,0.0,0.0,0.0,0.0,0.0,0.0,0.0,0.0,0.0,0.0,0.0,0.0,0.0,0.0,0.0,0.0,0.0,0.0,0.0,0.0,0.0,0.0,0.0,0.0,0.0,0.0,0.0,0.0,0.0
14083295,547838,Dani Ceballos,M,19,True,False,0.0,0.0,0.0,0.0,0.0,0.0,0.0,0.0,0.0,0.0,0.0,0.0,0.0,0.0,0.0,0.0,0.0,0.0,0.0,0.0,0.0,0.0,0.0,0.0,0.0,0.0,0.0,0.0,0,0.0,0.0,0.0,0.0,0.0,"{'sportSlug': 'football', 'statisticsType': 'player'}",0.0,0.0,0.0,0.0,0.0,0.0,0.0,0.0,0.0,0.0,0.0,0.0,0.0,0.0,0.0,0.0,0.0,0.0,0.0,0.0,0.0,0.0,0.0,0.0,0.0,0.0,0.0,0.0,0.0,0.0,0.0,0.0,0.0,0.0,0.0,0.0,0.0,0.0,0.0,0.0,0.0,0.0,0.0
14083295,2237795,Thiago Pitarch,M,45,True,False,0.0,0.0,0.0,0.0,0.0,0.0,0.0,0.0,0.0,0.0,0.0,0.0,0.0,0.0,0.0,0.0,0.0,0.0,0.0,0.0,0.0,0.0,0.0,0.0,0.0,0.0,0.0,0.0,0,0.0,0.0,0.0,0.0,0.0,"{'sportSlug': 'football', 'statisticsType': 'player'}",0.0,0.0,0.0,0.0,0.0,0.0,0.0,0.0,0.0,0.0,0.0,0.0,0.0,0.0,0.0,0.0,0.0,0.0,0.0,0.0,0.0,0.0,0.0,0.0,0.0,0.0,0.0,0.0,0.0,0.0,0.0,0.0,0.0,0.0,0.0,0.0,0.0,0.0,0.0,0.0,0.0,0.0,0.0
14083295,1402716,Gonzalo García,F,16,True,False,0.0,0.0,0.0,0.0,0.0,0.0,0.0,0.0,0.0,0.0,0.0,0.0,0.0,0.0,0.0,0.0,0.0,0.0,0.0,0.0,0.0,0.0,0.0,0.0,0.0,0.0,0.0,0.0,0,0.0,0.0,0.0,0.0,0.0,"{'sportSlug': 'football', 'statisticsType': 'player'}",0.0,0.0,0.0,0.0,0.0,0.0,0.0,0.0,0.0,0.0,0.0,0.0,0.0,0.0,0.0,0.0,0.0,0.0,0.0,0.0,0.0,0.0,0.0,0.0,0.0,0.0,0.0,0.0,0.0,0.0,0.0,0.0,0.0,0.0,0.0,0.0,0.0,0.0,0.0,0.0,0.0,0.0,0.0
15632088,857574,Andriy Lunin,G,13,False,False,33.0,17.0,22.0,6.0,0.0,15.0,18.0,2.0,15.0,1.0,10.0,1.0,2.0,4.0,0.0,0.0,90.0,45.0,6.2,16.0,0.00027196,15.980954818955,3.0,0.66167715319639,0.0,0.4268,6.2,6.6,0,-0.9168,0.09,0.0,-0.31,0.27,"{'sportSlug': 'football', 'statisticsType': 'player'}",0.0,0.0,0.0,0.0,0.0,0.0,0.0,0.0,0.0,0.0,0.0,0.0,0.0,0.0,0.0,0.0,0.0,0.0,0.0,0.0,0.0,0.0,0.0,0.0,0.0,0.0,0.0,0.0,0.0,0.0,0.0,0.0,0.0,0.0,21.204,5.25606,0.0,3.89,1.27,0.07,0.02,0.0,0.0
15632088,795064,Trent Alexander-Arnold,D,12,False,False,24.0,17.0,4.0,1.0,0.0,9.0,11.0,8.0,13.0,1.0,2.0,0.0,0.0,0.0,0.0,0.0,89.0,38.0,6.8,10.0,0.126861,70.501593368937,6.0,56.060958457393,1.0,0.0,6.8,6.8,0,0.0,0.3,0.06,0.27,0.0,"{'sportSlug': 'football', 'statisticsType': 'player'}",4.0,2.0,4.0,4.0,0.0,1.0,0.0,0.0,0.0,0.0,2.0,3.0,0.0,0.0,0.0,0.0,0.0,0.0,0.0,0.0,0.0,38.039757476575,38.643901989835,0.0,0.0,4.0,2.0,0.0,0.0,0.0,0.0,1.0,1.0,0.0,31.248,9.21434,6.0,3.01,4.47,1.22,0.41,0.11,0.0
15632088,822519,Éder Militão,D,3,False,False,31.0,24.0,6.0,2.0,0.0,18.0,21.0,6.0,10.0,13.0,5.0,0.0,0.0,0.0,0.0,0.0,90.0,50.0,6.4,9.0,0.0101735,34.537584356341,4.0,22.542409261174,1.0,0.0,6.4,6.2,0,0.0,0.08,0.09,-0.43,0.0,"{'sportSlug': 'football', 'statisticsType': 'player'}",1.0,0.0,4.0,7.0,1.0,0.0,0.0,1.0,0.0,2.0,0.0,0.0,4.0,1.0,0.0,0.0,0.0,0.0,0.0,0.0,0.0,18.496868846046,22.371496239635,0.0,0.0,1.0,0.0,2.0,0.0,0.0,0.0,0.0,0.0,0.0,31.284,9.42303,7.0,3.05,4.59,1.21,0.4,0.17,0.0
15632088,142622,Antonio Rüdiger,D,22,False,False,29.0,26.0,1.0,0.0,0.0,23.0,24.0,3.0,5.0,4.0,2.0,0.0,0.0,0.0,0.0,0.0,90.0,42.0,6.6,3.0,0.00229904,26.923609902679,6.0,7.6624096966121,0.0,0.0,6.6,7.0,0,0.0,0.02,0.02,-0.3,0.0,"{'sportSlug': 'football', 'statisticsType': 'player'}",0.0,0.0,3.0,3.0,0.0,0.0,0.0,1.0,0.0,2.0,0.0,1.0,1.0,0.0,0.0,3.0,0.0,0.0,0.0,0.0,0.0,0.0,0.0,0.0,0.0,1.0,1.0,1.0,0.0,0.0,0.0,0.0,0.0,0.0,29.556,9.15352,5.0,3.17,4.41,1.2,0.29,0.09,1.0
15632088,792073,Ferland Mendy,D,23,False,False,25.0,23.0,1.0,1.0,0.0,15.0,17.0,8.0,8.0,0.0,4.0,0.0,0.0,0.0,0.0,0.0,90.0,41.0,5.8,4.0,0.00555211,65.289079181172,7.0,38.369161493914,1.0,0.0,5.8,6.2,0,0.0,0.2,0.35,-0.68,0.0,"{'sportSlug': 'football', 'statisticsType': 'player'}",0.0,0.0,3.0,2.0,0.0,1.0,1.0,1.0,1.0,2.0,0.0,0.0,0.0,1.0,0.0,1.0,0.0,0.0,0.0,0.0,0.0,15.491683769677,16.414745687948,0.0,0.0,0.0,0.0,1.0,0.0,0.0,0.0,0.0,0.0,0.0,32.508,9.37626,7.0,3.11,4.84,0.94,0.3,0.18,0.0
15632088,835485,Brahim Díaz,M,21,False,False,11.0,10.0,2.0,2.0,0.0,3.0,3.0,7.0,8.0,1.0,4.0,0.0,0.0,0.0,0.0,0.0,62.0,23.0,6.9,6.0,0.0201942,73.271950399923,6.0,56.408365259845,2.0,0.0,6.9,6.7,0,0.0,0.38,0.2,-0.07,0.0,"{'sportSlug': 'football', 'statisticsType': 'player'}",0.0,0.0,3.0,2.0,0.0,0.0,0.0,0.0,3.0,0.0,2.0,1.0,0.0,2.0,0.0,0.0,0.0,0.0,0.0,0.0,0.0,15.83013980452,31.839134997992,0.0,0.0,0.0,0.0,2.0,0.0,0.0,0.0,0.0,0.0,0.0,30.384,7.25932,11.0,1.87,3.4,1.14,0.62,0.24,0.0
15632088,991011,Jude Bellingham,M,5,False,False,27.0,23.0,1.0,0.0,0.0,12.0,13.0,11.0,14.0,2.0,6.0,0.0,0.0,0.0,0.0,0.0,90.0,49.0,7.7,7.0,0.0079873,116.82797381826,8.0,75.669690706013,2.0,0.0,7.7,7.1,1,0.0,0.0,0.21,0.47,0.0,"{'sportSlug': 'football', 'statisticsType': 'player'}",0.0,0.0,5.0,12.0,0.0,6.0,4.0,1.0,1.0,2.0,0.0,1.0,4.0,0.0,0.0,1.0,0.0,0.0,0.0505,-0.13,1.0,34.087404883908,69.75057047367,0.0,0.0,4.0,3.0,0.0,0.0,0.0,0.0,0.0,0.0,0.0,30.528,11.38186,13.0,2.94,5.29,2.01,0.83,0.31,0.0
15632088,831808,Federico Valverde,M,8,False,True,32.0,25.0,2.0,0.0,0.0,18.0,20.0,7.0,12.0,2.0,6.0,0.0,0.0,0.0,0.0,0.0,90.0,43.0,6.6,8.0,0.00510568,93.058349497447,9.0,-3.9101298225825,0.0,0.0,6.6,6.7,1,0.0,0.01,0.23,-0.05,0.0,"{'sportSlug': 'football', 'statisticsType': 'player'}",0.0,0.0,4.0,5.0,2.0,3.0,3.0,0.0,1.0,1.0,0.0,1.0,1.0,0.0,0.0,2.0,0.0,0.0,0.0598,-0.28,0.0,0.0,0.0,1.0,0.1179,1.0,0.0,0.0,0.0,0.0,0.0,0.0,0.0,0.0,30.6,10.43105,7.0,3.0,5.38,1.42,0.49,0.14,0.0
15632088,1091116,Arda Güler,M,15,False,False,30.0,21.0,3.0,2.0,0.0,13.0,16.0,8.0,14.0,0.0,3.0,0.0,0.0,0.0,0.0,0.0,89.0,41.0,8.7,11.0,0.00715745,74.200035789301,13.0,0.85627623484045,0.0,0.0,8.7,8.2,2,0.0,0.01,0.03,-0.18,0.0,"{'sportSlug': 'football', 'statisticsType': 'player'}",0.0,0.0,2.0,3.0,1.0,0.0,0.0,0.0,1.0,1.0,0.0,0.0,0.0,0.0,0.0,0.0,0.0,0.0,0.5253,0.88,0.0,0.0,0.0,2.0,1.3128,2.0,1.0,1.0,0.0,2.0,0.0,0.0,0.0,0.0,29.592,10.19082,4.0,2.83,5.08,1.71,0.49,0.08,0.0
15632088,826643,Kylian Mbappé,F,10,False,False,25.0,21.0,1.0,1.0,0.0,7.0,8.0,14.0,17.0,0.0,2.0,0.0,0.0,0.0,0.0,0.0,90.0,35.0,8.5,6.0,0.329729,151.08454196827,15.0,93.077085546742,6.0,0.0,8.5,7.6,4,0.0,-0.1,0.71,0.15,0.0,"{'sportSlug': 'football', 'statisticsType': 'player'}",0.0,0.0,1.0,3.0,0.0,3.0,2.0,0.0,1.0,0.0,3.0,0.0,0.0,0.0,2.0,0.0,0.0,1.0,1.2395,0.47,0.0,17.212600238108,84.751619476996,2.0,1.0259,1.0,0.0,0.0,0.0,1.0,1.0,1.0,0.0,0.0,33.48,9.3444,11.0,3.55,3.97,1.07,0.45,0.29,0.0
15632088,868812,Vinicius Júnior,F,7,False,False,16.0,13.0,1.0,1.0,1.0,7.0,8.0,6.0,8.0,0.0,3.0,0.0,0.0,0.0,0.0,0.0,90.0,33.0,6.6,13.0,0.425393,89.522880605569,9.0,79.050919077399,4.0,0.0,6.6,6.9,3,0.0,0.43,0.45,-0.01,0.0,"{'sportSlug': 'football', 'statisticsType': 'player'}",1.0,0.0,10.0,3.0,1.0,2.0,0.0,1.0,1.0,0.0,2.0,1.0,0.0,6.0,0.0,0.0,0.0,0.0,0.3553,-0.7,3.0,24.996566085329,61.688977648917,0.0,0.0,0.0,0.0,3.0,1.0,0.0,1.0,1.0,0.0,0.0,33.12,9.84147,20.0,3.52,4.03,1.15,0.69,0.45,0.0
15632088,973887,Eduardo Camavinga,M,6,True,False,9.0,7.0,0.0,0.0,0.0,4.0,5.0,3.0,4.0,1.0,1.0,0.0,0.0,0.0,0.0,0.0,24.0,18.0,6.5,2.0,0.00242709,10.732347571875,2.0,-4.5949450216297,0.0,0.0,6.5,6.3,1,0.0,0.01,0.04,0.23,0.0,"{'sportSlug': 'football', 'statisticsType': 'player'}",0.0,0.0,3.0,3.0,1.0,0.0,0.0,1.0,0.0,2.0,0.0,0.0,2.0,0.0,1.0,1.0,0.0,0.0,0.0172,0.0,0.0,0.0,0.0,0.0,0.0,1.0,0.0,0.0,0.0,0.0,0.0,0.0,0.0,0.0,26.532,3.14721,1.0,0.81,1.66,0.53,0.13,0.01,0.0
15632088,2237795,Thiago Pitarch,M,45,True,False,1.0,1.0,0.0,0.0,0.0,1.0,1.0,0.0,0.0,0.0,0.0,0.0,0.0,0.0,0.0,0.0,1.0,2.0,0.0,1.0,1.924e-05,17.424734603431,1.0,17.4121477807,0.0,0.0,0.0,0.0,0,0.0,0.0,0.0,0.0,0.0,"{'sportSlug': 'football', 'statisticsType': 'player'}",1.0,0.0,0.0,0.0,0.0,0.0,0.0,0.0,0.0,0.0,0.0,0.0,0.0,0.0,0.0,0.0,0.0,0.0,0.0,0.0,0.0,0.0,0.0,0.0,0.0,0.0,0.0,0.0,0.0,0.0,0.0,0.0,0.0,0.0,31.536,0.70147,2.0,0.1,0.19,0.15,0.2,0.07,0.0
15632088,1403559,Franco Mastantuono,F,30,True,False,1.0,1.0,0.0,0.0,0.0,0.0,0.0,1.0,1.0,0.0,0.0,0.0,0.0,0.0,0.0,0.0,1.0,1.0,0.0,0.0,0.0009618,6.405,1.0,4.9118214568011,0.0,0.0,0.0,0.0,0,0.0,0.0,0.0,0.0,0.0,"{'sportSlug': 'football', 'statisticsType': 'player'}",0.0,0.0,0.0,0.0,0.0,0.0,0.0,0.0,0.0,0.0,0.0,0.0,0.0,0.0,0.0,0.0,0.0,0.0,0.0,0.0,0.0,0.0,0.0,0.0,0.0,0.0,0.0,0.0,0.0,0.0,0.0,0.0,0.0,0.0,27.504,0.66668,2.0,0.1,0.25,0.15,0.14,0.03,0.0
15632088,1493226,Fran González,G,26,True,False,0.0,0.0,0.0,0.0,0.0,0.0,0.0,0.0,0.0,0.0,0.0,0.0,0.0,0.0,0.0,0.0,0.0,0.0,0.0,0.0,0.0,0.0,0.0,0.0,0.0,0.0,0.0,0.0,0,0.0,0.0,0.0,0.0,0.0,"{'sportSlug': 'football', 'statisticsType': 'player'}",0.0,0.0,0.0,0.0,0.0,0.0,0.0,0.0,0.0,0.0,0.0,0.0,0.0,0.0,0.0,0.0,0.0,0.0,0.0,0.0,0.0,0.0,0.0,0.0,0.0,0.0,0.0,0.0,0.0,0.0,0.0,0.0,0.0,0.0,0.0,0.0,0.0,0.0,0.0,0.0,0.0,0.0,0.0
15632088,1975197,Javier Navarro Jimenez,G,29,True,False,0.0,0.0,0.0,0.0,0.0,0.0,0.0,0.0,0.0,0.0,0.0,0.0,0.0,0.0,0.0,0.0,0.0,0.0,0.0,0.0,0.0,0.0,0.0,0.0,0.0,0.0,0.0,0.0,0,0.0,0.0,0.0,0.0,0.0,"{'sportSlug': 'football', 'statisticsType': 'player'}",0.0,0.0,0.0,0.0,0.0,0.0,0.0,0.0,0.0,0.0,0.0,0.0,0.0,0.0,0.0,0.0,0.0,0.0,0.0,0.0,0.0,0.0,0.0,0.0,0.0,0.0,0.0,0.0,0.0,0.0,0.0,0.0,0.0,0.0,0.0,0.0,0.0,0.0,0.0,0.0,0.0,0.0,0.0
15632088,1176744,Dean Huijsen,D,24,True,False,0.0,0.0,0.0,0.0,0.0,0.0,0.0,0.0,0.0,0.0,0.0,0.0,0.0,0.0,0.0,0.0,0.0,0.0,0.0,0.0,0.0,0.0,0.0,0.0,0.0,0.0,0.0,0.0,0,0.0,0.0,0.0,0.0,0.0,"{'sportSlug': 'football', 'statisticsType': 'player'}",0.0,0.0,0.0,0.0,0.0,0.0,0.0,0.0,0.0,0.0,0.0,0.0,0.0,0.0,0.0,0.0,0.0,0.0,0.0,0.0,0.0,0.0,0.0,0.0,0.0,0.0,0.0,0.0,0.0,0.0,0.0,0.0,0.0,0.0,0.0,0.0,0.0,0.0,0.0,0.0,0.0,0.0,0.0
15632088,1085081,Álvaro Carreras,D,18,True,False,0.0,0.0,0.0,0.0,0.0,0.0,0.0,0.0,0.0,0.0,0.0,0.0,0.0,0.0,0.0,0.0,0.0,0.0,0.0,0.0,0.0,0.0,0.0,0.0,0.0,0.0,0.0,0.0,0,0.0,0.0,0.0,0.0,0.0,"{'sportSlug': 'football', 'statisticsType': 'player'}",0.0,0.0,0.0,0.0,0.0,0.0,0.0,0.0,0.0,0.0,0.0,0.0,0.0,0.0,0.0,0.0,0.0,0.0,0.0,0.0,0.0,0.0,0.0,0.0,0.0,0.0,0.0,0.0,0.0,0.0,0.0,0.0,0.0,0.0,0.0,0.0,0.0,0.0,0.0,0.0,0.0,0.0,0.0
15632088,138572,Dani Carvajal,D,2,True,False,0.0,0.0,0.0,0.0,0.0,0.0,0.0,0.0,0.0,0.0,0.0,0.0,0.0,0.0,0.0,0.0,0.0,0.0,0.0,0.0,0.0,0.0,0.0,0.0,0.0,0.0,0.0,0.0,0,0.0,0.0,0.0,0.0,0.0,"{'sportSlug': 'football', 'statisticsType': 'player'}",0.0,0.0,0.0,0.0,0.0,0.0,0.0,0.0,0.0,0.0,0.0,0.0,0.0,0.0,0.0,0.0,0.0,0.0,0.0,0.0,0.0,0.0,0.0,0.0,0.0,0.0,0.0,0.0,0.0,0.0,0.0,0.0,0.0,0.0,0.0,0.0,0.0,0.0,0.0,0.0,0.0,0.0,0.0
15632088,851271,Fran García,D,20,True,False,0.0,0.0,0.0,0.0,0.0,0.0,0.0,0.0,0.0,0.0,0.0,0.0,0.0,0.0,0.0,0.0,0.0,0.0,0.0,0.0,0.0,0.0,0.0,0.0,0.0,0.0,0.0,0.0,0,0.0,0.0,0.0,0.0,0.0,"{'sportSlug': 'football', 'statisticsType': 'player'}",0.0,0.0,0.0,0.0,0.0,0.0,0.0,0.0,0.0,0.0,0.0,0.0,0.0,0.0,0.0,0.0,0.0,0.0,0.0,0.0,0.0,0.0,0.0,0.0,0.0,0.0,0.0,0.0,0.0,0.0,0.0,0.0,0.0,0.0,0.0,0.0,0.0,0.0,0.0,0.0,0.0,0.0,0.0
15632088,66492,David Alaba,D,4,True,False,0.0,0.0,0.0,0.0,0.0,0.0,0.0,0.0,0.0,0.0,0.0,0.0,0.0,0.0,0.0,0.0,0.0,0.0,0.0,0.0,0.0,0.0,0.0,0.0,0.0,0.0,0.0,0.0,0,0.0,0.0,0.0,0.0,0.0,"{'sportSlug': 'football', 'statisticsType': 'player'}",0.0,0.0,0.0,0.0,0.0,0.0,0.0,0.0,0.0,0.0,0.0,0.0,0.0,0.0,0.0,0.0,0.0,0.0,0.0,0.0,0.0,0.0,0.0,0.0,0.0,0.0,0.0,0.0,0.0,0.0,0.0,0.0,0.0,0.0,0.0,0.0,0.0,0.0,0.0,0.0,0.0,0.0,0.0
15632088,547838,Dani Ceballos,M,19,True,False,0.0,0.0,0.0,0.0,0.0,0.0,0.0,0.0,0.0,0.0,0.0,0.0,0.0,0.0,0.0,0.0,0.0,0.0,0.0,0.0,0.0,0.0,0.0,0.0,0.0,0.0,0.0,0.0,0,0.0,0.0,0.0,0.0,0.0,"{'sportSlug': 'football', 'statisticsType': 'player'}",0.0,0.0,0.0,0.0,0.0,0.0,0.0,0.0,0.0,0.0,0.0,0.0,0.0,0.0,0.0,0.0,0.0,0.0,0.0,0.0,0.0,0.0,0.0,0.0,0.0,0.0,0.0,0.0,0.0,0.0,0.0,0.0,0.0,0.0,0.0,0.0,0.0,0.0,0.0,0.0,0.0,0.0,0.0
15632088,1402716,Gonzalo García,F,16,True,False,0.0,0.0,0.0,0.0,0.0,0.0,0.0,0.0,0.0,0.0,0.0,0.0,0.0,0.0,0.0,0.0,0.0,0.0,0.0,0.0,0.0,0.0,0.0,0.0,0.0,0.0,0.0,0.0,0,0.0,0.0,0.0,0.0,0.0,"{'sportSlug': 'football', 'statisticsType': 'player'}",0.0,0.0,0.0,0.0,0.0,0.0,0.0,0.0,0.0,0.0,0.0,0.0,0.0,0.0,0.0,0.0,0.0,0.0,0.0,0.0,0.0,0.0,0.0,0.0,0.0,0.0,0.0,0.0,0.0,0.0,0.0,0.0,0.0,0.0,0.0,0.0,0.0,0.0,0.0,0.0,0.0,0.0,0.0
14083191,857574,Andriy Lunin,G,13,False,False,36.0,31.0,9.0,4.0,0.0,31.0,33.0,0.0,3.0,1.0,6.0,0.0,1.0,1.0,1.0,1.0,90.0,43.0,6.7,5.0,0.00015816,50.474876616954,10.0,14.590082640026,0.0,0.1268,6.7,6.6,0,-0.1227,0.02,-0.02,-0.09,0.15,"{'sportSlug': 'football', 'statisticsType': 'player'}",0.0,0.0,0.0,0.0,0.0,0.0,0.0,0.0,0.0,0.0,0.0,0.0,0.0,0.0,0.0,0.0,0.0,0.0,0.0,0.0,0.0,0.0,0.0,0.0,0.0,0.0,0.0,0.0,0.0,0.0,0.0,0.0,0.0,0.0,0.0,0.0,0.0,0.0,0.0,0.0,0.0,0.0,0.0
14083191,138572,Dani Carvajal,D,2,False,True,42.0,40.0,2.0,2.0,0.0,14.0,14.0,26.0,28.0,2.0,3.0,0.0,0.0,0.0,0.0,0.0,90.0,55.0,6.4,6.0,0.0512318,91.830227139536,14.0,28.181449175351,1.0,0.0,6.4,6.9,1,0.0,0.07,0.0,-0.21,0.0,"{'sportSlug': 'football', 'statisticsType': 'player'}",0.0,0.0,3.0,2.0,2.0,0.0,0.0,0.0,1.0,1.0,1.0,0.0,0.0,0.0,0.0,0.0,0.0,0.0,0.0324,-0.07,1.0,11.706416812335,18.628561968118,0.0,0.0,1.0,0.0,1.0,0.0,0.0,0.0,0.0,0.0,0.0,0.0,0.0,0.0,0.0,0.0,0.0,0.0,0.0,0.0
14083191,822519,Éder Militão,D,3,False,False,49.0,46.0,5.0,3.0,0.0,28.0,28.0,18.0,21.0,2.0,2.0,0.0,0.0,0.0,0.0,0.0,64.0,60.0,6.6,5.0,0.00774141,113.7098783495,14.0,54.491560097069,1.0,0.0,6.6,7.1,1,0.0,0.07,0.12,-0.11,0.0,"{'sportSlug': 'football', 'statisticsType': 'player'}",1.0,0.0,0.0,2.0,0.0,1.0,1.0,1.0,1.0,0.0,0.0,0.0,1.0,0.0,1.0,1.0,0.0,0.0,0.1619,-0.33,0.0,27.595698307299,29.744667169091,0.0,0.0,0.0,0.0,0.0,0.0,0.0,0.0,0.0,0.0,0.0,0.0,0.0,0.0,0.0,0.0,0.0,0.0,0.0,0.0
14083191,1156645,Raúl Asencio,D,17,False,False,75.0,72.0,2.0,0.0,0.0,46.0,47.0,26.0,28.0,5.0,3.0,0.0,0.0,0.0,0.0,0.0,90.0,83.0,6.9,3.0,0.0199396,228.10839072481,25.0,170.50802384707,4.0,0.0,6.9,7.1,1,0.0,0.23,0.2,0.2,0.0,"{'sportSlug': 'football', 'statisticsType': 'player'}",0.0,0.0,0.0,1.0,0.0,0.0,0.0,0.0,0.0,0.0,0.0,0.0,0.0,0.0,0.0,1.0,0.0,0.0,0.2188,-0.48,1.0,21.194993221496,68.475346399899,0.0,0.0,1.0,1.0,0.0,0.0,0.0,0.0,0.0,0.0,0.0,0.0,0.0,0.0,0.0,0.0,0.0,0.0,0.0,0.0
14083191,851271,Fran García,D,20,False,False,56.0,53.0,3.0,2.0,0.0,13.0,13.0,40.0,43.0,2.0,6.0,0.0,0.0,0.0,0.0,0.0,79.0,70.0,7.1,3.0,0.127557,308.62209852976,28.0,173.22385117092,5.0,0.0,7.1,7.2,0,0.0,0.33,0.18,-0.15,0.0,"{'sportSlug': 'football', 'statisticsType': 'player'}",1.0,1.0,2.0,4.0,0.0,0.0,0.0,0.0,0.0,1.0,1.0,1.0,1.0,0.0,0.0,0.0,0.0,0.0,0.0,0.0,0.0,42.293981840678,125.76458933062,0.0,0.0,2.0,2.0,1.0,0.0,0.0,0.0,0.0,0.0,0.0,0.0,0.0,0.0,0.0,0.0,0.0,0.0,0.0,0.0
14083191,831808,Federico Valverde,M,8,False,False,47.0,39.0,2.0,1.0,0.0,13.0,13.0,26.0,34.0,0.0,2.0,0.0,0.0,0.0,0.0,0.0,90.0,55.0,8.5,9.0,0.217371,126.67904053617,16.0,45.553544989696,2.0,0.0,8.5,8.2,2,0.0,0.55,0.1,0.24,0.0,"{'sportSlug': 'football', 'statisticsType': 'player'}",1.0,1.0,1.0,1.0,0.0,0.0,0.0,1.0,1.0,1.0,3.0,0.0,0.0,0.0,0.0,1.0,0.0,0.0,0.1,0.57,0.0,12.804285665992,31.736757940504,2.0,0.2603,1.0,1.0,0.0,0.0,1.0,0.0,1.0,0.0,0.0,0.0,0.0,0.0,0.0,0.0,0.0,0.0,0.0,0.0
14083191,991011,Jude Bellingham,M,5,False,False,35.0,31.0,4.0,4.0,0.0,14.0,14.0,17.0,21.0,0.0,6.0,0.0,0.0,0.0,0.0,0.0,64.0,53.0,7.1,11.0,0.0618323,147.82381396613,20.0,29.743858690264,2.0,0.0,7.1,7.2,3,0.0,0.3,0.29,-0.03,0.0,"{'sportSlug': 'football', 'statisticsType': 'player'}",1.0,0.0,3.0,5.0,0.0,6.0,5.0,0.0,2.0,0.0,2.0,0.0,0.0,2.0,1.0,0.0,0.0,0.0,0.531,-0.53,1.0,6.4170889626161,24.677385352245,1.0,0.3796,0.0,0.0,0.0,0.0,0.0,1.0,0.0,0.0,0.0,0.0,0.0,0.0,0.0,0.0,0.0,0.0,0.0,0.0
14083191,973887,Eduardo Camavinga,M,6,False,False,61.0,58.0,5.0,5.0,0.0,26.0,26.0,32.0,35.0,1.0,3.0,0.0,0.0,0.0,0.0,0.0,79.0,73.0,7.4,5.0,0.30937,164.25722432151,21.0,60.123019937519,1.0,0.0,7.4,7.4,1,0.0,0.37,0.07,-0.03,0.0,"{'sportSlug': 'football', 'statisticsType': 'player'}",0.0,0.0,3.0,5.0,2.0,0.0,0.0,1.0,2.0,1.0,2.0,0.0,0.0,0.0,0.0,0.0,0.0,0.0,0.0353,-0.11,1.0,17.22054931422,37.882567442031,0.0,0.0,3.0,1.0,2.0,0.0,0.0,0.0,0.0,0.0,0.0,0.0,0.0,0.0,0.0,0.0,0.0,0.0,0.0,0.0
14083191,835485,Brahim Díaz,M,21,False,False,38.0,31.0,1.0,1.0,1.0,5.0,5.0,26.0,33.0,0.0,2.0,0.0,0.0,0.0,0.0,0.0,84.0,56.0,7.4,14.0,0.368489,141.91236514337,17.0,38.4780743902,2.0,0.0,7.4,8.3,1,0.0,0.53,0.25,-0.06,0.0,"{'sportSlug': 'football', 'statisticsType': 'player'}",6.0,4.0,4.0,7.0,0.0,2.0,1.0,0.0,1.0,1.0,7.0,0.0,1.0,2.0,0.0,0.0,0.0,0.0,0.094,-0.42,0.0,23.612522360415,30.418010336654,1.0,0.2131,1.0,1.0,4.0,0.0,0.0,0.0,1.0,0.0,0.0,0.0,0.0,0.0,0.0,0.0,0.0,0.0,0.0,0.0
14083191,826643,Kylian Mbappé,F,10,False,False,21.0,20.0,1.0,1.0,0.0,4.0,4.0,16.0,17.0,0.0,0.0,0.0,0.0,0.0,0.0,0.0,90.0,53.0,6.1,20.0,0.0959979,260.03387709081,24.0,155.89601434104,9.0,0.0,6.1,6.5,5,0.0,-0.14,0.79,-0.11,0.0,"{'sportSlug': 'football', 'statisticsType': 'player'}",5.0,0.0,13.0,4.0,2.0,9.0,4.0,0.0,5.0,2.0,1.0,0.0,0.0,4.0,1.0,0.0,0.0,3.0,0.8491,-0.68,2.0,33.38498955664,151.0271443989,2.0,0.1424,0.0,0.0,0.0,0.0,0.0,1.0,0.0,0.0,0.0,0.0,0.0,0.0,0.0,0.0,0.0,0.0,0.0,0.0
14083191,868812,Vinicius Júnior,F,7,False,False,39.0,35.0,0.0,0.0,0.0,4.0,4.0,31.0,35.0,0.0,2.0,0.0,0.0,0.0,0.0,0.0,90.0,72.0,8.6,15.0,0.508153,409.08968415358,32.0,306.52554061048,17.0,0.0,8.6,7.9,5,0.0,0.76,1.0,0.13,0.0,"{'sportSlug': 'football', 'statisticsType': 'player'}",2.0,0.0,8.0,8.0,0.0,7.0,2.0,0.0,2.0,2.0,3.0,0.0,0.0,1.0,2.0,0.0,0.0,0.0,0.2053,-0.55,0.0,28.947359142075,299.39215220478,3.0,0.3296,2.0,1.0,4.0,0.0,0.0,0.0,0.0,0.0,0.0,0.0,0.0,0.0,0.0,0.0,0.0,0.0,0.0,0.0
14083191,1176744,Dean Huijsen,D,24,True,False,28.0,27.0,2.0,2.0,0.0,13.0,13.0,14.0,15.0,4.0,1.0,0.0,0.0,0.0,0.0,0.0,26.0,33.0,7.2,1.0,0.0199845,94.201608874582,12.0,40.0710919729,0.0,0.0,7.2,7.0,1,0.0,0.24,0.1,0.18,0.0,"{'sportSlug': 'football', 'statisticsType': 'player'}",0.0,0.0,0.0,2.0,0.0,0.0,0.0,0.0,0.0,0.0,0.0,0.0,2.0,0.0,0.0,0.0,0.0,0.0,0.0644,-0.26,1.0,0.0,0.0,0.0,0.0,0.0,0.0,0.0,0.0,0.0,0.0,0.0,0.0,0.0,0.0,0.0,0.0,0.0,0.0,0.0,0.0,0.0,0.0
14083191,1091116,Arda Güler,M,15,True,False,32.0,29.0,2.0,2.0,0.0,10.0,10.0,19.0,22.0,1.0,0.0,0.0,0.0,0.0,0.0,0.0,26.0,40.0,6.9,7.0,0.0192988,150.37706414463,19.0,33.016772738404,1.0,0.0,6.9,7.0,1,0.0,-0.03,0.25,-0.03,0.0,"{'sportSlug': 'football', 'statisticsType': 'player'}",4.0,0.0,1.0,2.0,1.0,0.0,0.0,0.0,0.0,0.0,0.0,0.0,0.0,0.0,1.0,0.0,0.0,0.0,0.0145,-0.05,0.0,10.584578171642,10.633432606642,0.0,0.0,1.0,1.0,1.0,0.0,0.0,0.0,0.0,0.0,0.0,0.0,0.0,0.0,0.0,0.0,0.0,0.0,0.0,0.0
14083191,792073,Ferland Mendy,D,23,True,False,20.0,20.0,1.0,1.0,0.0,8.0,8.0,12.0,12.0,0.0,3.0,0.0,0.0,0.0,0.0,0.0,11.0,22.0,6.7,1.0,0.011747,56.329530198166,7.0,1.6791438673338,0.0,0.0,6.7,6.6,0,0.0,0.08,0.02,0.14,0.0,"{'sportSlug': 'football', 'statisticsType': 'player'}",0.0,0.0,1.0,0.0,0.0,1.0,0.0,0.0,0.0,0.0,0.0,0.0,0.0,0.0,0.0,0.0,0.0,0.0,0.0,0.0,0.0,0.0,0.0,0.0,0.0,0.0,0.0,0.0,0.0,0.0,0.0,0.0,0.0,0.0,0.0,0.0,0.0,0.0,0.0,0.0,0.0,0.0,0.0
14083191,859025,Aurélien Tchouaméni,M,14,True,False,18.0,18.0,0.0,0.0,0.0,6.0,6.0,12.0,12.0,0.0,0.0,0.0,0.0,0.0,0.0,0.0,11.0,19.0,6.7,0.0,0.00699343,43.306178503632,7.0,3.3381059463994,0.0,0.0,6.7,6.7,0,0.0,0.07,0.01,0.0,0.0,"{'sportSlug': 'football', 'statisticsType': 'player'}",0.0,0.0,1.0,1.0,0.0,0.0,0.0,0.0,0.0,0.0,0.0,1.0,0.0,0.0,0.0,0.0,0.0,0.0,0.0,0.0,0.0,0.0,0.0,0.0,0.0,1.0,0.0,0.0,0.0,0.0,0.0,0.0,0.0,0.0,0.0,0.0,0.0,0.0,0.0,0.0,0.0,0.0,0.0
14083191,1402716,Gonzalo García,F,16,True,False,3.0,3.0,0.0,0.0,0.0,2.0,2.0,1.0,1.0,0.0,1.0,0.0,0.0,0.0,0.0,0.0,12.0,3.0,6.5,0.0,0.00024565,0.0,0.0,0.0,0.0,0.0,6.5,6.5,0,0.0,0.03,0.0,0.13,0.0,"{'sportSlug': 'football', 'statisticsType': 'player'}",0.0,0.0,0.0,0.0,0.0,0.0,0.0,0.0,0.0,0.0,0.0,0.0,0.0,0.0,0.0,0.0,0.0,0.0,0.0,0.0,0.0,0.0,0.0,0.0,0.0,0.0,0.0,0.0,0.0,0.0,0.0,0.0,0.0,0.0,0.0,0.0,0.0,0.0,0.0,0.0,0.0,0.0,0.0
14083191,1493226,Fran González,G,26,True,False,0.0,0.0,0.0,0.0,0.0,0.0,0.0,0.0,0.0,0.0,0.0,0.0,0.0,0.0,0.0,0.0,0.0,0.0,0.0,0.0,0.0,0.0,0.0,0.0,0.0,0.0,0.0,0.0,0,0.0,0.0,0.0,0.0,0.0,"{'sportSlug': 'football', 'statisticsType': 'player'}",0.0,0.0,0.0,0.0,0.0,0.0,0.0,0.0,0.0,0.0,0.0,0.0,0.0,0.0,0.0,0.0,0.0,0.0,0.0,0.0,0.0,0.0,0.0,0.0,0.0,0.0,0.0,0.0,0.0,0.0,0.0,0.0,0.0,0.0,0.0,0.0,0.0,0.0,0.0,0.0,0.0,0.0,0.0
14083191,66492,David Alaba,D,4,True,False,0.0,0.0,0.0,0.0,0.0,0.0,0.0,0.0,0.0,0.0,0.0,0.0,0.0,0.0,0.0,0.0,0.0,0.0,0.0,0.0,0.0,0.0,0.0,0.0,0.0,0.0,0.0,0.0,0,0.0,0.0,0.0,0.0,0.0,"{'sportSlug': 'football', 'statisticsType': 'player'}",0.0,0.0,0.0,0.0,0.0,0.0,0.0,0.0,0.0,0.0,0.0,0.0,0.0,0.0,0.0,0.0,0.0,0.0,0.0,0.0,0.0,0.0,0.0,0.0,0.0,0.0,0.0,0.0,0.0,0.0,0.0,0.0,0.0,0.0,0.0,0.0,0.0,0.0,0.0,0.0,0.0,0.0,0.0
14083191,1470066,Jesús Fortea,D,32,True,False,0.0,0.0,0.0,0.0,0.0,0.0,0.0,0.0,0.0,0.0,0.0,0.0,0.0,0.0,0.0,0.0,0.0,0.0,0.0,0.0,0.0,0.0,0.0,0.0,0.0,0.0,0.0,0.0,0,0.0,0.0,0.0,0.0,0.0,"{'sportSlug': 'football', 'statisticsType': 'player'}",0.0,0.0,0.0,0.0,0.0,0.0,0.0,0.0,0.0,0.0,0.0,0.0,0.0,0.0,0.0,0.0,0.0,0.0,0.0,0.0,0.0,0.0,0.0,0.0,0.0,0.0,0.0,0.0,0.0,0.0,0.0,0.0,0.0,0.0,0.0,0.0,0.0,0.0,0.0,0.0,0.0,0.0,0.0
14083191,1142683,Manuel Ángel Morán,M,37,True,False,0.0,0.0,0.0,0.0,0.0,0.0,0.0,0.0,0.0,0.0,0.0,0.0,0.0,0.0,0.0,0.0,0.0,0.0,0.0,0.0,0.0,0.0,0.0,0.0,0.0,0.0,0.0,0.0,0,0.0,0.0,0.0,0.0,0.0,"{'sportSlug': 'football', 'statisticsType': 'player'}",0.0,0.0,0.0,0.0,0.0,0.0,0.0,0.0,0.0,0.0,0.0,0.0,0.0,0.0,0.0,0.0,0.0,0.0,0.0,0.0,0.0,0.0,0.0,0.0,0.0,0.0,0.0,0.0,0.0,0.0,0.0,0.0,0.0,0.0,0.0,0.0,0.0,0.0,0.0,0.0,0.0,0.0,0.0
14083191,547838,Dani Ceballos,M,19,True,False,0.0,0.0,0.0,0.0,0.0,0.0,0.0,0.0,0.0,0.0,0.0,0.0,0.0,0.0,0.0,0.0,0.0,0.0,0.0,0.0,0.0,0.0,0.0,0.0,0.0,0.0,0.0,0.0,0,0.0,0.0,0.0,0.0,0.0,"{'sportSlug': 'football', 'statisticsType': 'player'}",0.0,0.0,0.0,0.0,0.0,0.0,0.0,0.0,0.0,0.0,0.0,0.0,0.0,0.0,0.0,0.0,0.0,0.0,0.0,0.0,0.0,0.0,0.0,0.0,0.0,0.0,0.0,0.0,0.0,0.0,0.0,0.0,0.0,0.0,0.0,0.0,0.0,0.0,0.0,0.0,0.0,0.0,0.0
14083191,2237795,Thiago Pitarch,M,45,True,False,0.0,0.0,0.0,0.0,0.0,0.0,0.0,0.0,0.0,0.0,0.0,0.0,0.0,0.0,0.0,0.0,0.0,0.0,0.0,0.0,0.0,0.0,0.0,0.0,0.0,0.0,0.0,0.0,0,0.0,0.0,0.0,0.0,0.0,"{'sportSlug': 'football', 'statisticsType': 'player'}",0.0,0.0,0.0,0.0,0.0,0.0,0.0,0.0,0.0,0.0,0.0,0.0,0.0,0.0,0.0,0.0,0.0,0.0,0.0,0.0,0.0,0.0,0.0,0.0,0.0,0.0,0.0,0.0,0.0,0.0,0.0,0.0,0.0,0.0,0.0,0.0,0.0,0.0,0.0,0.0,0.0,0.0,0.0
14083191,1546404,Daniel Yañez,F,42,True,False,0.0,0.0,0.0,0.0,0.0,0.0,0.0,0.0,0.0,0.0,0.0,0.0,0.0,0.0,0.0,0.0,0.0,0.0,0.0,0.0,0.0,0.0,0.0,0.0,0.0,0.0,0.0,0.0,0,0.0,0.0,0.0,0.0,0.0,"{'sportSlug': 'football', 'statisticsType': 'player'}",0.0,0.0,0.0,0.0,0.0,0.0,0.0,0.0,0.0,0.0,0.0,0.0,0.0,0.0,0.0,0.0,0.0,0.0,0.0,0.0,0.0,0.0,0.0,0.0,0.0,0.0,0.0,0.0,0.0,0.0,0.0,0.0,0.0,0.0,0.0,0.0,0.0,0.0,0.0,0.0,0.0,0.0,0.0
